ADXL345_Acc_X,ADXL345_Acc_Y,ADXL345_Acc_Z,ITG3200_Gyro_X,ITG3200_Gyro_Y,ITG3200_Gyro_Z,MMA8451Q_Acc_X,MMA8451Q_Acc_Y,MMA8451Q_Acc_Z,FallCheck
0.13280818747591747,-0.9570302612047696,0.18749559115688008,-5.0659507372164665,0.6101204794971381,-0.42729094208781854,0.04589764869142808,-0.919918286272722,0.33789218548604066,0
0.12766643797512037,-0.9533444971052737,0.17963948770798938,-5.066230408621589,0.8134257881415426,-0.3283338489975225,0.050100812673788304,-0.913572405709296,0.3369548246002435,0
0.12614945687385404,-0.9526939754607324,0.17490351435936963,-5.16922090775729,1.0044999349233557,-0.23856991539974287,0.05161582178508961,-0.911394666891383,0.33556595301252135,0
0.12776357234756133,-0.9564612253319947,0.17409200433033664,-5.439170332212503,1.2172491385270792,-0.1478165623114241,0.05000915664757666,-0.9140449728217214,0.33360785654069863,0
0.12871851615566363,-0.962187060880359,0.17515557148737612,-5.886663365636602,1.4991590133787034,-0.049603119877889984,0.04697173523474462,-0.9183674886335055,0.331582026870961,0
0.12679776856259092,-0.9646351768257057,0.17542121609534428,-6.461752261388501,1.8270034945266465,0.019812050297373287,0.04434973676583069,-0.9207032788970625,0.33030476178980317,0
0.1240505736667341,-0.9613277692143578,0.17481179494653254,-7.056536705192525,2.0827570401482145,-0.010088598950689453,0.0426966981904959,-0.9203574678612141,0.33005485458221434,0
0.12369615066077526,-0.9558687333811337,0.1760477168729314,-7.551429502316312,2.143530329355333,-0.1797959636869538,0.04155786117450248,-0.9193393380633695,0.33030718110763857,0
0.12568975126095697,-0.9538306597135426,0.18088068925652456,-7.891272795136553,1.99697888322542,-0.4500896742281621,0.040547005526746935,-0.9193461384640331,0.33053651179550525,0
0.1271088642626822,-0.956636292361345,0.1871628293566118,-8.117639855197433,1.751136491799961,-0.7283011609894411,0.039720945601058606,-0.9203705661944798,0.33101157165879014,0
0.1261670863404769,-0.9614724357489763,0.19098679202850416,-8.327028498315904,1.5258894184149743,-0.9428644230304876,0.03911417444218655,-0.9220140692917789,0.3325424855919747,0
0.1237195257633794,-0.9657810721858179,0.19105902969431574,-8.602116259480583,1.3437058508134057,-1.0874838703464307,0.03838771659372067,-0.9244553747390446,0.33541691746066427,0
0.12085161050176935,-0.9691511946427501,0.18963262228500646,-8.964257222035428,1.1287604072793116,-1.2035237960679221,0.03703444924692698,-0.9275202429124672,0.3386390475006258,0
0.11723377007964952,-0.971397800206463,0.18940632391174336,-9.36256238228426,0.8032302819045761,-1.3386010496902867,0.034774276877661374,-0.929848164949709,0.34050919787499045,0
0.11278541654310668,-0.971627467408661,0.1905029008630024,-9.707044150546789,0.3792346039326448,-1.5236775243198373,0.031789993367061745,-0.9299768399080987,0.34017432294161243,0
0.10919309254059126,-0.9698486192669831,0.19070912870520895,-9.931578882436014,-0.034064543486894625,-1.7711493003088474,0.028771084285103825,-0.9281610543139366,0.3382743394890979,0
0.1079667628686589,-0.9677103006816076,0.18836999971882443,-10.033641352158671,-0.3040976873947317,-2.0739974415428466,0.026734401824123545,-0.9264264367205314,0.33585094697971996,0
0.10766965760505325,-0.9669406953903241,0.18448971615757231,-10.050399529943778,-0.3656541776402238,-2.397989050305677,0.02643580428851956,-0.9265062648419983,0.33330953706522837,0
0.10524199832869356,-0.9680400898608676,0.1814594425867575,-9.99870345787621,-0.264362504748458,-2.684806422832783,0.02761188939948873,-0.9280874651329334,0.33103197059362577,0
0.10057353535183126,-0.9705368111697285,0.1800428943037981,-9.848971137675177,-0.1257297140960154,-2.8792998972537274,0.02905001332054933,-0.9294080931842956,0.3301509575162945,0
0.09784343315510069,-0.9733601727023984,0.17851207190036106,-9.566570656322073,-0.06706734852334097,-2.954045311849997,0.029762574367679494,-0.9292133300520405,0.33145448114149534,0
0.10112623899460939,-0.974868189151877,0.17522639400629444,-9.175252736489433,-0.10790519038565867,-2.903281767232525,0.02982869086654227,-0.9276373525245388,0.33380569599943377,0
0.10986319850844788,-0.973498874766645,0.1717970933129864,-8.765326039723162,-0.1524798781951813,-2.730012059111479,0.029983101253614863,-0.9254424346643735,0.3349893394321884,0
0.11948944680624818,-0.9688822669808974,0.17247373030908925,-8.428759640032956,-0.07450306540282539,-2.4558513310368313,0.031042804979924885,-0.923148011927486,0.3344275021183419,0
0.12559009583750974,-0.9624670840399072,0.17921623111800905,-8.187810586369752,0.16719438163963757,-2.128291664906978,0.03381094164660179,-0.9210502677786279,0.3340369595814023,0
0.12718533916296992,-0.957081789534835,0.18827850043946173,-7.989655402984498,0.49902761633351767,-1.7955846362990922,0.038516900566554824,-0.919371529766943,0.3357799944793491,0
0.1268854707579454,-0.9549233281867784,0.19331283129728116,-7.761264086464556,0.8129695553835461,-1.4786105016749336,0.04403040308578262,-0.9178999736040925,0.339038018615493,0
0.12807522103871052,-0.9550807597510792,0.19149132213133419,-7.459261861411534,1.059664133684182,-1.1778080749127442,0.04853419197622062,-0.9159816173541331,0.3412442553397298,0
0.13168781540517235,-0.9538645810655555,0.185886102094295,-7.077838076082728,1.2637752466142216,-0.8949642070520339,0.05126010593972186,-0.9133934841545482,0.34093567157107385,0
0.1358686534284358,-0.9487081657614411,0.1826344441899278,-6.635499145856251,1.4724616738462464,-0.6322476586563103,0.052884109790588274,-0.9108669448426816,0.33943082014166415,0
0.13851391689128856,-0.9413489923429089,0.18583800003592485,-6.166335517042879,1.702051570389945,-0.38044812314684595,0.05430247736538687,-0.9092777163688859,0.33923627078746793,0
0.13940949710198314,-0.936335730739544,0.19408707797826022,-5.711902596858102,1.922243701307643,-0.12957804054104008,0.05588041313178814,-0.9085961212150783,0.34124327821211875,0
0.13988574914106114,-0.9365713043974205,0.20162749354900805,-5.306383758621162,2.0767380434136773,0.10957967456449384,0.05771175005796722,-0.9081816167956639,0.3440700563803371,0
0.14102213990951473,-0.9409438909430872,0.2030366637837313,-4.966304586040594,2.1179350661811402,0.3119886610632371,0.05954944729979316,-0.9080330831004324,0.3460483162763108,0
0.14256217207264205,-0.9462566016761367,0.19708245018914042,-4.696645038259138,2.03202341175193,0.47204801115992306,0.06048587949688827,-0.9090418044184,0.34692258926960406,0
0.1434034828383812,-0.9504243027681558,0.1876756946256412,-4.502585945349697,1.8480001840285043,0.6191936808116159,0.05969078927814431,-0.9116621412013168,0.34718178416495826,0
0.1427171194977287,-0.953003232178445,0.1817630149962045,-4.381272825700188,1.6320854909973372,0.7864105071754027,0.0576962286950536,-0.9148853931224465,0.346702415419683,0
0.14067425391653338,-0.9537040444660525,0.18386422973304636,-4.29599088408189,1.4574094420028363,0.9610851183460348,0.05639251114080225,-0.9170640640504382,0.34494693248020575,0
0.13880707555889943,-0.952378073007988,0.19101329653188323,-4.183520219307012,1.3587316751323923,1.0841211115879579,0.05752419832281458,-0.9175429862085394,0.3420256479061509,0
0.13973406891077905,-0.95066972667288,0.19509422711733324,-4.02005288284243,1.329194933147987,1.122768972952974,0.061227388468964514,-0.9171929760579132,0.3389839833914332,0
0.1454017342346319,-0.9518081444707033,0.191813674311281,-3.8647309819726137,1.380506146462432,1.137361496403029,0.065926590361071,-0.9172475018904581,0.33733527383559253,0
0.15458156129604672,-0.9568219741854501,0.18537502187114516,-3.7832556085280284,1.5615243296963182,1.2210847442742603,0.06967522808815818,-0.9173576568532164,0.3380194375370274,0
0.16249596501140404,-0.9610094400190919,0.18199603201032455,-3.725116470813246,1.8204384764381547,1.3400762266163189,0.07174865894355162,-0.9151223354602158,0.33940455456199287,0
0.1646060307641133,-0.9568533880568011,0.18050478478876203,-3.5658648276174034,1.8350165865168888,1.2995339728558202,0.0730066644419792,-0.9086963127514754,0.3363601330820966,0
0.1617966740540027,-0.9430290149934145,0.17351993576377794,-3.3452437577722773,1.1483164560442596,0.9709426019121564,0.07487669014126443,-0.9001247263333381,0.3241403144293856,0
0.16016588831910747,-0.9293318961678796,0.15864968120222267,-3.3931664604273344,-0.3120500462192651,0.5424454443296847,0.07793799613422685,-0.8950472745357676,0.3051584318387574,0
0.1636520240843344,-0.9292151461444151,0.14410381674261158,-4.066201677765198,-1.8568483972505312,0.4273887897481095,0.08101746810600494,-0.8984102442485357,0.2897074204524458,0
0.16870814381271423,-0.9464667448288794,0.14007257777026993,-5.308791429760403,-2.422043323703166,0.8665432460952545,0.08186969851587621,-0.9103420713061828,0.28687994289384305,0
0.1693726930979306,-0.9711206324467234,0.14713161889854637,-6.559907863894207,-1.5104339698990843,1.6715152582826867,0.07963775552861471,-0.9259416853036829,0.29539227935890716,0
0.16571976125198995,-0.9892851622945025,0.15630543474352213,-7.173101829198149,0.3120466666625503,2.401106774892515,0.0763708957206183,-0.9391144779803482,0.3056004726235,0
0.16318688716364368,-0.9951700048703812,0.15922809629339707,-6.936042522332548,1.9444386523411519,2.754015709618182,0.07512687826595273,-0.9467896143022341,0.31002551739435363,0
0.16473911864381088,-0.9923850739319646,0.15579722497394732,-6.178142014131123,2.7049079187733773,2.750278079139608,0.07697900165399545,-0.949210833707823,0.3096370202348503,0
0.16781106744304145,-0.9861544211437229,0.152141767974818,-5.414670692080986,2.7062107585918325,2.5714165018806985,0.08055260974453574,-0.9470025608359779,0.30960345361021796,0
0.1687317712045711,-0.9779835267499183,0.15259653707900872,-4.939558617763182,2.4346157045053696,2.3250087962859114,0.08364837532231388,-0.9400717845894586,0.3112850555140991,0
0.16690421362814448,-0.9678462158247516,0.15461670558817986,-4.751889922510517,2.1832128950072307,2.0148752065283917,0.08466339019039977,-0.9296466492265909,0.3106442236926729,0
0.16389222114493956,-0.9581104099545945,0.15203125917107227,-4.774650088089899,1.9494526006417963,1.6745414355462167,0.08317597858670663,-0.9192509566551337,0.3041502757064459,0
0.16034399148383288,-0.9528757246244675,0.14296859467832507,-5.029216683914244,1.7211784050306134,1.4299142100718019,0.07968995477662658,-0.9125594068456792,0.29400565005285284,0
0.15561241379841873,-0.9539097317318326,0.13339053985496127,-5.572698459559455,1.6662393063641423,1.4124476812401718,0.07482873427085368,-0.9110936055613208,0.2864616460183477,0
0.15038579989351028,-0.958673127620898,0.1317299212803092,-6.334754462403236,1.9972625728557307,1.6488200907234942,0.06932723018248738,-0.9141395056916856,0.28596050813354446,0
0.14780343851954064,-0.9628414826590502,0.1399476336619236,-7.089685091239246,2.7379617555654643,2.037635660658544,0.06490388303461633,-0.919757499236086,0.2916537447707059,0
0.150397658674449,-0.9643669338378184,0.15086333659155113,-7.606711421471777,3.684266099451899,2.4080559260510315,0.06376457879390894,-0.925404576501149,0.2988608241791974,0
0.15670150975731983,-0.9646389757959524,0.1553092222025477,-7.815952205189964,4.565558100620891,2.615921630521375,0.06629653232795038,-0.9286154896919045,0.30322767099573844,0
0.16229235961902813,-0.9660543545210405,0.1513937226033057,-7.83145142937529,5.21071859648395,2.63006939985259,0.07012577625751101,-0.9283942229186102,0.30385432587641453,0
0.16368645098322565,-0.9694312382126057,0.14528523809937244,-7.8307022924366825,5.59049363792147,2.5452758117906376,0.07226150921841042,-0.9261507066312407,0.30290458428878986,0
0.16023089046088393,-0.9736546952451726,0.14332193172317104,-7.915066159390921,5.7557733259583985,2.498680812891913,0.07161519426105506,-0.9246228528892634,0.30252175781463614,0
0.15343584763576174,-0.9766044229684933,0.14568724641397834,-8.063799824905658,5.75390396248656,2.562217414383525,0.0691247646861312,-0.9255627499942171,0.3026968673212534,0
0.14627432035488264,-0.9765193493155584,0.148343389396433,-8.18828968362514,5.589641614282724,2.7070457257006786,0.06617098861225097,-0.9284326476159708,0.3022625221843912,0
0.1420062861597115,-0.9737394635793506,0.148759604231388,-8.211517642746202,5.250304607572515,2.851599708036025,0.06324984973367137,-0.9310131228576993,0.30104409315281433,0
0.14122915805026776,-0.9709830422524169,0.14781184704937844,-8.11078405305169,4.760903043514687,2.931995446796218,0.059823718720230026,-0.9313153616180727,0.3001016457300004,0
0.14054469680325485,-0.9707408841969353,0.1469358691496393,-7.919106823701646,4.213353279882771,2.9440517027472892,0.055323250765538484,-0.9294358780968757,0.3000416141137688,0
0.1362191241875992,-0.9725329853594918,0.14571779890883238,-7.70245780318733,3.745412788018548,2.9396287965605996,0.050277890520937916,-0.9275062207650714,0.30001465647682085,0
0.1287386141096084,-0.9737937519410674,0.14334182450008442,-7.525728083282059,3.4888954625101456,2.9762362693178828,0.04604788435005901,-0.9275040586028414,0.2988975571528738,0
0.12216743759644572,-0.9733755294028544,0.141110765956981,-7.4267949910325965,3.5162594735059547,3.0543066131314633,0.04325594291555343,-0.9293782023761614,0.29707249420224724,0
0.11966426788631382,-0.9729281558380943,0.14165503464381618,-7.410033605192108,3.804919824790136,3.1082752976626398,0.041114481413681916,-0.9314544610310779,0.2963274261797376,0
0.12081984988695421,-0.9744383085986449,0.14568564319239807,-7.446467203721016,4.2410087896596185,3.068702837494292,0.03879195126088502,-0.9323173783192846,0.2978307736213894,0
0.12259202430895624,-0.9776905588518511,0.15105480912537148,-7.478568682380733,4.675407666213785,2.9292717354709037,0.03673040790814458,-0.9323694704729463,0.3006484601207878,0
0.12195112658077105,-0.9810783454651271,0.1555105703111105,-7.451249092665859,5.003780821504429,2.75783879299103,0.03570793773406946,-0.9337583265318298,0.3027177249632766,0
0.11823709302198682,-0.9839273697097709,0.15922456155200906,-7.3553531926706786,5.21948569229284,2.659637908226113,0.0351192495877122,-0.9381991174977594,0.303276947353828,0
0.11334642768342953,-0.9868150253701501,0.1637663303425373,-7.21857437948641,5.413215457475477,2.7167450493773884,0.03337481185682289,-0.9445475158636871,0.3039215839464477,0
0.10944483002919646,-0.9898834417414191,0.16935498607937888,-7.024327345284183,5.714905055011049,2.9120993830797994,0.029958500862331715,-0.949181896977353,0.3069765373042387,0
0.10714245401901097,-0.9916243904850477,0.1741250749416186,-6.652365163242762,6.183222234227614,3.0819977190299532,0.026097834651893033,-0.9488683189587601,0.31286343526097765,0
0.10617238576031283,-0.9896485588344811,0.17569546086544524,-5.951779423003092,6.701080795145649,2.974951894672437,0.023244120939925398,-0.942792476659277,0.31892488147444625,0
0.10635903847880021,-0.9828903068024897,0.17268399280243388,-4.927237624522763,6.988501888286883,2.4291048593614564,0.02163733319561304,-0.9327922859954916,0.32070138357957195,0
0.10694019113446826,-0.9732269838999622,0.1651314165786261,-3.8731823196522415,6.777041221501453,1.5464325697929364,0.02050275804039949,-0.922960793521035,0.31525379703615736,0
0.10610490255343613,-0.964873010205077,0.15452922217534057,-3.2742133602295316,6.030590797302845,0.6831115504442601,0.019033346620375872,-0.9181004437525372,0.30447847126142197,0
0.10250049425060714,-0.962047928805442,0.14401998661226517,-3.4689136911656595,5.021973782071977,0.21100630153833172,0.017008726416299285,-0.9206845323694809,0.2947927033372601,0
0.09722761266445976,-0.9666338604166077,0.13799574281223487,-4.344274888765856,4.175582742532539,0.24497581059128973,0.014833856865098421,-0.9289083878404418,0.2920959662947632,0
0.09375438817499514,-0.9768917283340184,0.1396714363740547,-5.37435294154969,3.781389142087771,0.5874767597773509,0.013197975042909904,-0.9380132633148106,0.296732263228608,0
0.09487397659377404,-0.9877001720978597,0.1478188939096535,-5.991894720123617,3.8122811833788375,0.9142282238568364,0.012682217824880968,-0.9434694662896917,0.3038867831234318,0
0.0991505877604031,-0.9928644859972526,0.15664539963231106,-5.9458388799524196,4.0029404209156105,0.9939171640037949,0.013401335079325857,-0.943309155868291,0.30829394724481607,0
0.1015033371359393,-0.9893707138226897,0.1599871236122989,-5.370316647543543,4.105956625326028,0.7737958237152832,0.014565735860940718,-0.9387074672717085,0.30769985067545164,0
0.0985527366945358,-0.9808574340586241,0.15588352195255512,-4.624690742540374,4.069253550118497,0.35620715170752876,0.01453603537687679,-0.9333028600446837,0.30289935204320767,0
0.0924636215355123,-0.9756104026099003,0.14748594846174876,-4.099027953086043,3.9865562581463005,-0.04983402565749069,0.012051251310487229,-0.931266684963988,0.29668276021737794,0
0.08828316974751879,-0.9786041929637378,0.14026493681495109,-4.042598512035488,3.937856776227702,-0.21766568593976754,0.007728815179267798,-0.9341167286610138,0.29295772741164583,0
0.08816624488473293,-0.985483039430974,0.13816868102467295,-4.404379756044262,3.924366919486821,-0.06776292549916588,0.003953372469944372,-0.9386013986670663,0.2945667294559231,0
0.08921431414051569,-0.9866272214343408,0.14102697001701348,-4.812425628861685,3.9224104426487574,0.21323658381373523,0.002804693280887385,-0.9391460174249932,0.3001853409366196,0
0.08701006498399472,-0.9777207070245176,0.1445282134889407,-4.84640497878192,3.9193460324894325,0.2969788110772398,0.003994670973443175,-0.9337257056971373,0.30427608863024114,0
0.08097179452909385,-0.9646020875906355,0.14365130634594736,-4.445074294735653,3.88083544318032,0.033184750850997626,0.005090710931672376,-0.9265149531120781,0.30204387077426326,0
0.07552954874017755,-0.9572962085656732,0.13787410884873075,-4.010668561239207,3.7539048448753607,-0.3865361977845829,0.004077268306510716,-0.9237588267854524,0.29467024376811257,0
0.07541537786264435,-0.9607424121453286,0.13273159350408914,-4.026484665532659,3.5469627021969234,-0.6412249566035348,0.0017184741947947433,-0.9276700970592242,0.28835809934613144,0
0.0806533002046003,-0.9713646783462677,0.13441045792137155,-4.5674647559825505,3.355915566673836,-0.6238560171004869,0.001093851260619266,-0.9348141454439254,0.28791291603615726,0
0.08716647076851879,-0.9810152816847151,0.1426440734991151,-5.22555207993461,3.2584715598592946,-0.5130248202944917,0.004461905587988499,-0.939658226260289,0.29239015766984633,0
0.09121097673948395,-0.9839300467177253,0.15072695048342025,-5.506462428794921,3.2120202129689828,-0.5341588788091933,0.010491925854143245,-0.9393107144700276,0.29725824392135974,0
0.09188647857854468,-0.9807892233102119,0.15293816929023923,-5.266908815757497,3.0947770619156265,-0.7308447087679305,0.015015925603445624,-0.9354164669796792,0.2994468728513076,0
0.09031522475542497,-0.9763984900488872,0.1499814904297324,-4.776709860709927,2.8247817407952334,-0.9791570318225228,0.015058408862486104,-0.9319862792438339,0.2994214977172124,0
0.08802306801359022,-0.9740834077870529,0.14628174093916502,-4.411061860806456,2.413161979818601,-1.1525806687884113,0.011801972129751018,-0.9315154452926061,0.29915922512665405,0
0.08614144430885516,-0.9735759139966705,0.14429835497749866,-4.327398620274455,1.9282433759828126,-1.2231060624527499,0.008893080202486239,-0.933191420950727,0.29951062082003066,0
0.08538586156543129,-0.9738195926833285,0.14368951059677296,-4.422168937183257,1.444748782402704,-1.2330767078504934,0.008336113877442755,-0.934618618443244,0.3000552514080985,0
0.08616393382924806,-0.9753346285570171,0.144420237921472,-4.518784773187489,1.0258008662103184,-1.227019830721804,0.009082171749313923,-0.9347003492126716,0.30064956817034905,0
0.0881960395851987,-0.9785242337454267,0.14741582552781918,-4.530567175796824,0.7205426568653904,-1.2245440581630733,0.009292574681535937,-0.934311996745342,0.3017938035358172,0
0.09027031775992254,-0.981164889131723,0.15190447425133852,-4.463890446291928,0.5449747046657156,-1.230545541606388,0.008763437548620008,-0.9344379428065814,0.3033763309832678,0
0.09103002996142169,-0.9799148976496385,0.15459767980735725,-4.34138240851014,0.45733396358408324,-1.2470350800306047,0.008782670964236497,-0.9347329033993478,0.3042096796325439,0
0.08990653953963147,-0.9747152146314297,0.15276829811846068,-4.165744611307742,0.3753523273073862,-1.2737711844408142,0.010134256952524512,-0.934375855731757,0.3034735445672214,0
0.0873631095571624,-0.9699035003547574,0.1473741472919311,-3.9449029943704796,0.24201502634056304,-1.30602002110905,0.011834682790749342,-0.9333589425644874,0.3019566827879536,0
0.08520491414836082,-0.9695613316240141,0.1425078454887358,-3.7267474979566857,0.07349512624744689,-1.3378666673271769,0.012237137572635805,-0.9320747091857362,0.3010816829990307,0
0.08631541217452623,-0.9726949501021379,0.14172146506365743,-3.5962652039851064,-0.06818269765633052,-1.367141798921582,0.011209759782835895,-0.930318425846714,0.3010622962951137,0
0.09214158920574525,-0.9745853410529997,0.14474578901275217,-3.6283259894348503,-0.1442722634671919,-1.3924369513452974,0.010442684933039797,-0.9276790368200467,0.30093595769315656,0
0.10020335963272758,-0.9724677964438971,0.14805723713899105,-3.8328603740073723,-0.17137380342244854,-1.4059815023374196,0.011372780880546619,-0.9246603907714863,0.3003095694083263,0
0.10587173463004877,-0.9683138522437983,0.14891130879414535,-4.142657460100157,-0.1945141834120917,-1.396067531263045,0.013652098523595557,-0.9226269738680267,0.3000193080856508,0
0.10709172306556189,-0.9659293681274671,0.14801028475339936,-4.456121048679682,-0.2476009867251415,-1.3594673796467536,0.016113776912430128,-0.9225277937200681,0.3008171256224224,0
0.10612360276057431,-0.9666527533451009,0.14782206048276375,-4.695508000462878,-0.34298412316824756,-1.3091398696197092,0.01832971627572505,-0.9240646637290544,0.3023639538223598,0
0.10628258964361514,-0.9686300714297005,0.14949744320300157,-4.833870864465439,-0.4820768682755497,-1.2676884369732426,0.020489183573137663,-0.9262054127129473,0.30395049123533974,0
0.10828578912518125,-0.9697494203553031,0.1519859898852476,-4.882373958884714,-0.6566964184788829,-1.2531914857143356,0.022512359682418732,-0.9281410188315456,0.3053728578989331,0
0.11073627217188835,-0.970276259943076,0.1531926255470409,-4.864245205091779,-0.840322044502692,-1.2701251330271914,0.024166575419157066,-0.9295657043968085,0.3065384952128199,0
0.11283577690835277,-0.972028402002344,0.15187437948332688,-4.8011707741065415,-0.9984824065368558,-1.3076448805570275,0.02561729354188058,-0.930414617150803,0.30689741555503386,0
0.11477993546024948,-0.9753858650929379,0.149225757708022,-4.715684760542723,-1.1204014667374662,-1.3401907927904335,0.02703777928806064,-0.9306863187382758,0.3060160225354838,0
0.11631318326379207,-0.9782593264938223,0.14819829858786068,-4.6335182354457265,-1.229063812196891,-1.3359019665991925,0.02790838364881663,-0.9304328768748215,0.304421516213456,0
0.11698851303637753,-0.9786041823056745,0.15034927168411552,-4.5701784964682135,-1.347223086932973,-1.2803617753832763,0.027659462810586313,-0.9298514457387326,0.3031676114708505,0
0.11759107528024389,-0.9773121542449497,0.1539230081157069,-4.514773974573411,-1.4607125889904742,-1.1972214201761588,0.02710324186600503,-0.9294661267489439,0.30256515554654184,0
0.1192716241914028,-0.9775204412292335,0.15583068570736075,-4.445490201213209,-1.530833620271795,-1.1327790491237697,0.028083826207254775,-0.9299728833873289,0.30197046393841975,0
0.12105111316225343,-0.9808875480571903,0.1547979986449915,-4.370997677476982,-1.5473748691790352,-1.1083457492298716,0.03108316421070225,-0.9315288707149945,0.3009155669012316,0
0.12043750334189962,-0.9855250150287042,0.15195044575244177,-4.336584884281562,-1.5604211937819077,-1.0941878440775548,0.034168581568615825,-0.9333806743506861,0.2997189645352057,0
0.11753328155069785,-0.988052032155325,0.14921222344071064,-4.369769906166616,-1.64661766779524,-1.04436546161162,0.03526798906755946,-0.9346270108599973,0.2987400706512926,0
0.11620603196628333,-0.9867482733096095,0.14762771410895587,-4.434160079834576,-1.837200480599151,-0.9539227311448919,0.034808167914742685,-0.9351570277677688,0.29774851696940785,0
0.11924205816611494,-0.9823516693810881,0.14652850936992534,-4.462038033259813,-2.082356862698175,-0.8637985223660111,0.034972404199891234,-0.9354119225203102,0.29638930242770156,0
0.12403922675564115,-0.977207789430972,0.14440403633217194,-4.427995065539849,-2.2921930711673864,-0.806870430214479,0.036637204454068505,-0.935598343337216,0.2947846040100125,0
0.12549519968674874,-0.97443815336817,0.14113314506571004,-4.36648854246252,-2.4117143200403017,-0.768723268356832,0.03834095116678459,-0.9357298746288832,0.2934125834504611,0
0.1224253321620896,-0.9764226030142972,0.1385288129126653,-4.315714327980003,-2.4496247831655595,-0.7122902217267407,0.03852929043733817,-0.9360300553312925,0.29269319238265984,0
0.11875670848551438,-0.9825421851744706,0.13813576963783844,-4.270120620669452,-2.439330304256389,-0.6248102864110208,0.03760742808083668,-0.9366240743678172,0.2928151537575157,0
0.11835741253992312,-0.9887655422853132,0.139776584437703,-4.200529086073465,-2.3951175435993988,-0.5224375722158512,0.03723340635546778,-0.9371286768310918,0.29368822425198954,0
0.12097092631659119,-0.9904811397809661,0.14252407801879352,-4.098332098711168,-2.318785785670328,-0.4195552357269846,0.03850622602384654,-0.937042028047518,0.2948518570090576,0
0.12388220912534426,-0.9862448907969309,0.14523061316497016,-3.9725464432559594,-2.2265276038881923,-0.3201145989449091,0.041248545427893045,-0.9363004033724505,0.29551037802101404,0
0.12544019549986754,-0.978937284708845,0.1460199531952351,-3.814136967696474,-2.140805138604063,-0.23921114321859982,0.04439187008783096,-0.9351562489115363,0.29484333750556807,0
0.1256321244329709,-0.9732020720521841,0.14373332409313952,-3.6049960738267774,-2.0597027594886055,-0.20311534171574813,0.046851776965319454,-0.9337552503863182,0.29250476190102215,0
0.1249452832040134,-0.9716516450086478,0.1401358266411335,-3.374096424786482,-1.956477448885897,-0.21529748735124607,0.04829327685214573,-0.932113920089467,0.2891622317886118,0
0.1246364913990135,-0.973578599189084,0.13804903591256162,-3.2051420965183217,-1.8148898137730687,-0.24603255066830082,0.04898843073563355,-0.9304196934984803,0.28663965305038464,0
0.12692034639081418,-0.9768101895225889,0.13700699438056135,-3.1607123356628035,-1.6535909694969906,-0.2698347081574076,0.04918494439505826,-0.929163557741174,0.2868496027956867,0
0.1323446987722472,-0.9795962214055385,0.1337690233842184,-3.2225368229470868,-1.5109531100354374,-0.2925359983955817,0.049206107457705935,-0.9289393417814157,0.289754572730495,0
0.13747360774767978,-0.9804958216697843,0.12797392098711907,-3.330805195722164,-1.4159666693542043,-0.32832488364123863,0.04976243144804632,-0.9300545034196253,0.29264416357303,0
0.1378593459869289,-0.9784118264445258,0.12406852361487847,-3.462806072466094,-1.3801018674593997,-0.3706212557659517,0.051166885692982576,-0.9321813723826794,0.2924495691713265,0
0.13356652310483716,-0.9745728323623634,0.12557324919078308,-3.6444722814973014,-1.4024986586115422,-0.4020750946498508,0.05249045873569605,-0.934441415022209,0.2889897168947964,0
0.12956724140821485,-0.9730245359300731,0.12988340830153158,-3.8945518542052384,-1.46678513440682,-0.42095655862521614,0.05251674162643372,-0.9361290866876724,0.28518438507423816,0
0.12993737070230452,-0.9763909054521461,0.13147595161028686,-4.189952103769064,-1.5457280904664787,-0.4447324201171868,0.05135425731585325,-0.9373849345066748,0.28381611502734133,0
0.13312798842694343,-0.981815981427341,0.12889272674764707,-4.489695276781312,-1.6317280210832308,-0.49291833204149,0.05012898650229182,-0.938857551165263,0.28484027041584487,0
0.1341700761087427,-0.9841000321709895,0.126038466534502,-4.764663428883851,-1.7544646546983824,-0.5712879687606918,0.04929119813090173,-0.94074667048347,0.28626849820414363,0
0.1309922579165117,-0.9826260255064011,0.12718294865263097,-4.991699624556061,-1.9420335308044077,-0.6675298431040307,0.048347661353494366,-0.9425887520076256,0.28680596144238485,0
0.12690540955932905,-0.9820310300873474,0.13244286095295402,-5.138974515313818,-2.1624993182425865,-0.7591517312154555,0.04724960619388331,-0.9439009751848497,0.286698214353984,0
0.12626631594577506,-0.9857390349240958,0.13790513359339607,-5.176919282289437,-2.3249056882289194,-0.8264549593689258,0.046854780298068034,-0.9444684412018782,0.2864142674027319,0
0.12940877139461382,-0.9917223502634152,0.139188370838669,-5.102997513163332,-2.3490828427688926,-0.8570987828754568,0.04762733774229336,-0.9439723821424849,0.2856042283825892,0
0.1332575062625405,-0.9952709190892934,0.13503886325832315,-4.949478247410561,-2.2271344251805245,-0.8435734665734591,0.048709379708604755,-0.9419498350314301,0.28372936214167194,0
0.13525039017048646,-0.9936674993473454,0.12821359980821662,-4.770109635112009,-2.010719804475489,-0.788851949595195,0.048798225391224345,-0.9383742184700642,0.28123469158947884,0
0.13465213093344577,-0.9875561498122425,0.12354052748936856,-4.625408195924056,-1.747031485187953,-0.7162068193339632,0.04756567396525309,-0.933954646222549,0.2795576906033611,0
0.13149299125912403,-0.9795935826450509,0.12478735099115701,-4.572701340180827,-1.4387126154107261,-0.6604737875124,0.04589773529248011,-0.9297565403455456,0.2799598124352055,0
0.12682560373722923,-0.9726862564014939,0.13152993358428008,-4.6490836124303465,-1.0620250253689842,-0.6423204993665522,0.04499359586730265,-0.9267612574999633,0.2826629075763604,0
0.12344230569430395,-0.9686166910011994,0.13845126077688666,-4.849426732177917,-0.6094635992427819,-0.656805931229836,0.04545755991388946,-0.9256334283563219,0.2869968201988903,0
0.12373449983728156,-0.9676118828168798,0.13999297404132507,-5.1187281033518115,-0.11289314946235149,-0.6882315178023903,0.047053812952003345,-0.9263454128322668,0.2918030530037537,0
0.1265176401293224,-0.9691145069231705,0.13655224034967026,-5.368907101059761,0.36182436166953325,-0.7260745502868133,0.049060604435360984,-0.927946077142162,0.29579819207443436,0
0.1281051819815848,-0.9724302955700591,0.13361594465944251,-5.514491471643153,0.7386939968485441,-0.7640601218264474,0.05083151010093526,-0.929270741211119,0.2983586075780105,0
0.12719802625126886,-0.9763942067091309,0.13439391011755705,-5.512285145630383,0.9653053780456077,-0.796895139693806,0.05203967590038629,-0.9301802120931357,0.29999659140993273,0
0.12683783111234814,-0.9796310118939695,0.1367832197650057,-5.3793658287427935,1.0412611463468466,-0.8263856167941599,0.05245343710460563,-0.9316834349864833,0.3014040809853597,0
0.13040076412393536,-0.9819781592985977,0.13876227083492168,-5.168418287106378,1.017790584762759,-0.8623652894682833,0.0519469716093546,-0.9344477123979605,0.3022750193458582,0
0.13697334516648127,-0.9844691764338316,0.1427946741881423,-4.918137948566019,0.9611427565858431,-0.9086867247636097,0.05117772656689483,-0.9374971243839448,0.3019517124978932,0
0.14213157686959174,-0.9871823506895975,0.15146019112463613,-4.629773768244541,0.9093114546340393,-0.9504566248965564,0.0516055446037617,-0.93894842212983,0.30093897411470877,0
0.14275421966901058,-0.9886372773563152,0.16098626692535697,-4.293305757266614,0.863879611061029,-0.9576031872072123,0.05371593336158798,-0.938125618288187,0.30062238009741216,0
0.1398759609796314,-0.9881103520491301,0.16364612142384685,-3.924938498010283,0.8168539023650794,-0.9014148802836883,0.05574648101700711,-0.9364946902207615,0.30145570213313794,0
0.13724982437918756,-0.9865044579932158,0.15675346797617531,-3.561443180262265,0.7708928499488538,-0.7774161556910429,0.05590497440729775,-0.9358689258500831,0.30244356589134663,0
0.13805794806079474,-0.9836035186596451,0.1460399556949693,-3.2102986794869417,0.7378218182430253,-0.6231791545373937,0.055552521070562716,-0.93568456112615,0.30253209631154815,0
0.14211783043634874,-0.9769682071618463,0.13956613868907483,-2.8231997542884275,0.7410019364648138,-0.5037273546510023,0.057781226111967274,-0.9332524002224866,0.3015230258640752,0
0.14552773348483697,-0.966234314026673,0.1404792901626971,-2.356664297281272,0.8162170725988671,-0.4546436193289879,0.06254318915985739,-0.9275106470667582,0.29941026255260905,0
0.14464608470857357,-0.9566759496958349,0.1457765714929582,-1.874987547684136,0.9741726889697229,-0.43464271132662513,0.06582877011985228,-0.9212065261723159,0.2959032840934443,0
0.14089028906708856,-0.9548569245939628,0.14990831674939276,-1.559097158132287,1.1528986302565862,-0.35749655745100967,0.06454788548589271,-0.91804656315713,0.29125464372344645,0
0.13918533431146995,-0.9609732084004606,0.1491296325726577,-1.568287375427669,1.2409731373171187,-0.18160525290909169,0.060109560550914314,-0.9188178678057455,0.2870089379629403,0
0.14123046943098305,-0.9685925782178183,0.1438471853129617,-1.8867673683064237,1.165602920235206,0.05384053036788404,0.056413222973657515,-0.9215821947608311,0.2852752162476511,0
0.14315499803815263,-0.9724438892147482,0.13751074412600098,-2.3238137511390535,0.9414689321816653,0.2891431898916138,0.05575612843853773,-0.9246613935869136,0.28696736728081884,0
0.14080425934154256,-0.9737556178741724,0.13356602553844782,-2.6661572961231634,0.6296319328455915,0.5078625724304985,0.05708924285143843,-0.9281231282935103,0.29066270781707565,0
0.13498228413441044,-0.976768312636912,0.13366064982986536,-2.819007627726545,0.272368649540416,0.7210347786642474,0.057476518695087714,-0.9326385733375465,0.29353114351932097,0
0.12992890959118378,-0.9823377983147983,0.13716331061172032,-2.8049269314977763,-0.11511637519632463,0.9145449938218805,0.055105079764087427,-0.9377254508797083,0.29378289720718453,0
0.12822255023982784,-0.9871472446453563,0.14097641119745413,-2.662774801189557,-0.5001099589890495,1.0430007657980156,0.051014275153827886,-0.9415324063491133,0.29201260206282714,0
0.12922444289513108,-0.9882335327844182,0.1413521595220059,-2.3933141628913113,-0.8076101988783921,1.0765228976673549,0.047831752600384796,-0.9424212250996753,0.28995017466322937,0
0.13135692214906924,-0.9859843655829281,0.13758490916135394,-2.012402674738329,-0.957172754863108,1.03894360074185,0.047020621288195744,-0.9404733785489353,0.2884082515905156,0
0.13315829472107515,-0.9823905183806995,0.13317880788158662,-1.61514568130865,-0.9151568164970894,0.9883491437523698,0.04765542923706887,-0.9371677410987248,0.2870043201506984,0
0.13267363025386503,-0.978487203776424,0.13228994364936353,-1.3406147118461011,-0.6982938532086513,0.9575315033540561,0.04786216780141925,-0.9339256569829714,0.28544420444156887,0
0.12896755035517332,-0.9748182990038661,0.13508364776194226,-1.2700546039695224,-0.3402288459644371,0.9228763645328796,0.04708170042407845,-0.9314671405664607,0.2840963682911589,0
0.12462628765728917,-0.9724969492942864,0.13720240653900354,-1.3803829756166164,0.12183535051570922,0.8406393298155007,0.04643920117122914,-0.9302227896599459,0.28336437780026996,0
0.12390806993376509,-0.971864342859948,0.13452316532733635,-1.5925402434183535,0.6314415219441322,0.7045487101008833,0.04692285600795128,-0.9305041825373558,0.2834779387436693,0
0.12725084092307812,-0.9717564458540477,0.12858347859211652,-1.8388899291983223,1.111176469907808,0.5522391246859804,0.04798288157063993,-0.9321200378860264,0.28488466499479664,0
0.13000579450754415,-0.9719595821903916,0.12605486665971855,-2.079824054357346,1.4935389695256531,0.4193594911940666,0.04840396213385984,-0.93431956489469,0.28771152525741117,0
0.12837674375987962,-0.9743147321197586,0.13127386078571932,-2.2854836186669534,1.7501965980583436,0.3045749257010127,0.047854429830161034,-0.9363664295799119,0.2906570899642985,0
0.12454601268024357,-0.9792503213713974,0.14008058364765621,-2.433896709105535,1.888368178261683,0.1831915993385098,0.04679078467101364,-0.9381152388930383,0.29156201456091474,0
0.12335876485918121,-0.9834771509571062,0.1436745662541421,-2.5294044872818846,1.9305971046153065,0.04412073870249257,0.04536182364798411,-0.9398819790029747,0.289571823913685,0
0.12529232739399251,-0.9836158499579397,0.13850440775148612,-2.6004545087700275,1.9088006996540499,-0.09354986546581646,0.04340197640281959,-0.9416194314771013,0.285941112025045,0
0.1259997974028044,-0.9804696123302545,0.12949569541897585,-2.6671408548141513,1.8694628929020858,-0.196692471449066,0.04131137485783626,-0.9424867546617226,0.2823515703761471,0
0.12284593571354399,-0.9777749935463519,0.12337391205531177,-2.7234547356441006,1.8664221459075914,-0.24440103040248587,0.03994687185832622,-0.9416396176935924,0.2792824702257302,0
0.11870895158181075,-0.9778720925046903,0.12171483990011196,-2.7606281858045514,1.9413252751204864,-0.238969931580516,0.0394376115330219,-0.9392573022965565,0.2764580324261343,0
0.11791709728030893,-0.9797077018573519,0.12122186264453637,-2.7941465023254546,2.1144608130093476,-0.19916971279287277,0.038768777154587805,-0.936448562012502,0.2739932875231976,0
0.1205168862002339,-0.9803943856430714,0.11863457694930125,-2.8529761292253526,2.3916161023929168,-0.14953288356075492,0.036927358430009466,-0.9343619000988088,0.2723379523370682,0
0.1224195222006744,-0.9782863082182535,0.11426027035275725,-2.946903644342865,2.7667939193432556,-0.11462633820201033,0.03421101816087666,-0.9335946521471835,0.27164472728532224,0
0.12058953931445529,-0.9747178677832531,0.11139170936802964,-3.0540500422895405,3.211041154355663,-0.11617022476109906,0.03199496364583528,-0.9341731454875294,0.27199215541714594,0
0.11677915580075873,-0.9727150862320016,0.11282225553509428,-3.136392213854841,3.664880608305077,-0.16681379306901162,0.0311375572571711,-0.9357546009644265,0.2738742063280375,0
0.1154406230728907,-0.9741384812774294,0.11814502823113186,-3.160356487549658,4.051224346362402,-0.260465769745573,0.0309957306828124,-0.9377195230291915,0.277520817559029,0
0.11789926063334658,-0.9782882744013165,0.12445910179014179,-3.1101428954572223,4.3043997010798405,-0.3701080794509731,0.03034982864655887,-0.9391796449393308,0.2817580811031525,0
0.11987703379927549,-0.9830148886445117,0.12910391774519794,-2.9960794522578804,4.398430520831152,-0.46104184392809244,0.02906535757769577,-0.9394035464358601,0.28453054779383574,0
0.1163297265488805,-0.9866383297567444,0.13163192935257742,-2.852476087547179,4.356461800474069,-0.5090958606306578,0.028228464022644412,-0.9387118082531005,0.28500750554175674,0
0.1078185549866999,-0.9885579872395479,0.13377581950367806,-2.716305947503513,4.231958406686107,-0.509981513146658,0.028470875889239078,-0.9386040546444494,0.28455342253172283,0
0.099938856285528,-0.9886635283642083,0.1372000601537668,-2.5966277618755833,4.072879772842308,-0.4786681958284781,0.028876576159905378,-0.9402269433837225,0.28503955715186113,0
0.09704058801271,-0.9872948207932236,0.1408716257077599,-2.460799953270957,3.8969289518351293,-0.43960799823034186,0.02819416122834373,-0.9427056863109287,0.2866003686759265,0
0.09884582261841551,-0.9855377116698183,0.14151134190815412,-2.2555104358260882,3.699846996611274,-0.4114713387169817,0.026597322047060362,-0.9436481200733472,0.28773594956090104,0
0.10275946429155393,-0.9840422327204131,0.13710722884509158,-1.9554798895208667,3.4871747405130473,-0.40130682224257774,0.025371538728643988,-0.9415286673741391,0.2873444731405057,0
0.10660905972017225,-0.981725013662131,0.12950513389809212,-1.6060819295876985,3.29027693423385,-0.4117642351945276,0.025163092151127865,-0.9372079016981231,0.28587039774822076,0
0.10860077294326367,-0.9774867129540983,0.12354675141152756,-1.3151448913965322,3.142539783186945,-0.44386326145487887,0.025469859293271346,-0.9329035988941411,0.2846017115340791,0
0.10743615283570401,-0.9729827259942258,0.12354519563735032,-1.1811711800541687,3.0441146027052115,-0.4904105258875935,0.025794299138415043,-0.9300354047807292,0.28456815295730203,0
0.10434937111516517,-0.9713165223206187,0.1296903173185439,-1.2138963666877027,2.962881716310141,-0.5385527041663823,0.026414670812258026,-0.9284914191134525,0.28605489130929007,0
0.1031920175456539,-0.9725954676087801,0.1376253205335338,-1.3298365070945635,2.8716525185018655,-0.585385675095589,0.027743024515678203,-0.9277133643269357,0.28856780672258775,0
0.10619782994252581,-0.973228955846687,0.14224026885477914,-1.4328759806775397,2.771768691320926,-0.6405583695937079,0.029313119523072046,-0.9277605401475559,0.29118379712801135,0
0.11077222691475114,-0.9710448611768066,0.14221935438051386,-1.4929941559441886,2.674181368146294,-0.7036183523629849,0.029688631864143684,-0.9290681583136866,0.29328485683108885,0
0.11278528993638727,-0.9689670631029381,0.140678621448672,-1.5400839569292415,2.5705379139832627,-0.7500825277379519,0.027753249973076485,-0.9314760762342855,0.2949924340109906,0
0.11210739721700008,-0.9709304186681097,0.14143518879515932,-1.5939035160985653,2.4409705405174087,-0.7572965934879506,0.024485201499187287,-0.9337497447736891,0.2966592991468666,0
0.1121773119112328,-0.9754386127354605,0.14493331260506037,-1.6242601181573335,2.2945716134927765,-0.7377733490265383,0.022805973481332762,-0.9342653251612264,0.2980884167393871,0
0.11451733114621616,-0.9767989588395314,0.14793458300738935,-1.5897446287119306,2.1884753818927503,-0.7282706090526792,0.024552299256676825,-0.9325082349446331,0.29864197677872817,0
0.11666879882616835,-0.9728011254200112,0.14725306834542917,-1.5029308682641984,2.1854194557892357,-0.748136665732683,0.02806042401907699,-0.9298572661657287,0.297971218382357,0
0.1161141741474345,-0.9677738576636311,0.1433611197783706,-1.4382895130485107,2.2843619875240435,-0.7832575505116728,0.030094793624976274,-0.9283825239083376,0.29625532306562274,0
0.11371478966629758,-0.9670745218277208,0.13953740269097345,-1.4674971482188428,2.4074416951784263,-0.8088314724908812,0.02955593734175381,-0.9288573156137147,0.2939676746227458,0
0.11182010969573401,-0.9711802558750147,0.13804516013846144,-1.591075790351308,2.466029338716156,-0.8144318539949904,0.027678109145797436,-0.9305072738412553,0.291792169541381,0
0.11068285526508548,-0.9765146493271336,0.13854871839347255,-1.7379802065161492,2.4273345919855465,-0.8049983636671991,0.02561810383407491,-0.9324993195397047,0.2904841190817712,0
0.10923651352748422,-0.979923615564243,0.1397550972249409,-1.8249364959889274,2.312898511302022,-0.7888727760310759,0.02425664548094284,-0.9346169684600616,0.29043790618088683,0
0.10874160590266649,-0.9804979053659411,0.14108612112348873,-1.8055621009754432,2.1613790150416015,-0.7750652569142656,0.025437146610190003,-0.9363040462499042,0.29153439347503585,0
0.11183782054630387,-0.9785463637073611,0.14278423788437766,-1.6728135299172604,2.0129246526728872,-0.7769203700259721,0.03011622073503939,-0.9363225031107237,0.29348455557785513,0
0.1171865199168896,-0.975132609284272,0.14478577635633616,-1.448811922461069,1.9026069871034268,-0.8014630837675113,0.03531767056131016,-0.9343063750049685,0.29596403975230584,0
0.11942591019890392,-0.9722825652315576,0.1454614741928126,-1.192044801258048,1.8320026905703428,-0.8320310741805473,0.03633287924014015,-0.9319482866492742,0.29832724690274953,0
0.11632973229228369,-0.9718102850291076,0.14295332264140878,-0.990477275411385,1.7512358068546627,-0.8388289061234769,0.032753544023687964,-0.9315705097337894,0.2997156413394003,0
0.11221158848448513,-0.9734740170773022,0.13914869844584152,-0.9088811390710598,1.597712821560912,-0.8130719265660893,0.029379625144945503,-0.9336679484188113,0.29982246215219815,0
0.11228926164321737,-0.975064622273151,0.1398679628436339,-0.9304035358700268,1.3603200303199952,-0.7747474049126641,0.030173294899069832,-0.9364020793974296,0.2993420762543369,0
0.11659226667121395,-0.9748527654311746,0.1479815461747554,-0.961717882313477,1.093777564239099,-0.7426162401182836,0.0339079061607479,-0.9373438537013913,0.29939736877511997,0
0.12110654698340467,-0.973766192291584,0.15818421613178232,-0.9102288967472241,0.8695892196342749,-0.716138124459064,0.036755172335046875,-0.9355863794172953,0.30047889070928385,0
0.12287092364560964,-0.9742499604110694,0.16186801444803897,-0.7659924349278415,0.7228283380429564,-0.6936939467967042,0.036866258035324055,-0.9324633673659112,0.301932369507081,0
0.12216234261124982,-0.9765835782143729,0.15606409224891132,-0.6128673940486311,0.6423908202615092,-0.6870140335624427,0.03532598218214002,-0.9302264615359412,0.30254026250396093,0
0.1205952358085648,-0.9777916685024494,0.14577232261249198,-0.5598947478643392,0.5935261835735494,-0.7014942552239816,0.03431068531822512,-0.9299135651379051,0.30171384888338987,0
0.11917656858986361,-0.975454234872213,0.13911701271853663,-0.6569259711479349,0.5398817086367205,-0.7150740343418613,0.035289081282392096,-0.930739964978377,0.30011750262471276,0
0.11892575439228938,-0.9711932005451996,0.14100078268757013,-0.8629082513611654,0.45594406209930094,-0.695635937743013,0.037968001436591806,-0.9314726453453546,0.29913734824774857,0
0.12150614720090101,-0.9686282513572568,0.14942713288735046,-1.0766238652594653,0.3349606000027481,-0.6387940415621095,0.04042066388493825,-0.9317170369106336,0.299776536342231,0
0.12691776110815645,-0.9687915099156142,0.15742146177255628,-1.191650600262634,0.1875501788967193,-0.5770239426495009,0.040965312020372076,-0.931719709693215,0.3018971876302109,0
0.13158236278850002,-0.9696514358120308,0.15949291098720558,-1.141534835996384,0.02869095308025963,-0.5468989261197774,0.0401323835997199,-0.9316519329444184,0.30426711354810076,0
0.1317863224799179,-0.9700608302712461,0.15576523348649596,-0.9276242884283052,-0.13279299713897788,-0.5503523981618537,0.04012196646321654,-0.93151602850653,0.3053361353207699,0
0.12855892731099944,-0.9715077887711724,0.14987106136813272,-0.6260700774068703,-0.2907430946019167,-0.5524601200828784,0.042164033745475504,-0.9313764042818585,0.3042899998395172,0
0.12604546726659138,-0.9746756504547209,0.1448512420887095,-0.3587725730565177,-0.432960863660135,-0.5185161602082021,0.045046289004393864,-0.9312671219986126,0.3017068103346387,0
0.12585709042156515,-0.9770903227587842,0.14199356812476727,-0.23000762808859423,-0.5426878806875266,-0.449082617911475,0.046607911211883714,-0.9309082175497513,0.2992389665159805,0
0.12636056686870714,-0.976562806063618,0.14198889875304702,-0.2740269422193111,-0.6066667226750424,-0.37383477228487544,0.04624826603032381,-0.9298381835225469,0.29841424741144595,0
0.12658914094768697,-0.9745372133782464,0.1450639139378569,-0.4599504307835972,-0.6128467976057466,-0.3149588565428531,0.0453961421785589,-0.9280325936165402,0.2994908790978883,0
0.1273954804256782,-0.9735666575647681,0.14961826728295338,-0.7354985431205492,-0.5450485092967885,-0.26705109065792504,0.045602571864488774,-0.9261803755403375,0.3013365350814555,0
0.12905480971215977,-0.9735503553963163,0.152515566627257,-1.0507891405833498,-0.4020523285234929,-0.21518814917574905,0.04674160267950321,-0.9251450286807307,0.302428149544558,0
0.13034515548132056,-0.9727660232461283,0.15218288559466614,-1.353302463040918,-0.2288817637806174,-0.16333961247482917,0.04735374185243363,-0.9253728045852347,0.3021126446597554,0
0.13022833726685099,-0.9713356378662391,0.1504353581348649,-1.596577933434686,-0.10449427912432671,-0.1374872165994783,0.04648818816433043,-0.9268519100853759,0.30097347192542523,0
0.12910441105750217,-0.971576957148625,0.1497901539035591,-1.7654205731977215,-0.07405514602506266,-0.16040139711100995,0.04475498080444952,-0.9291871049477568,0.30000833731778825,0
0.12820966801637163,-0.9748065187432651,0.14996591520523336,-1.8738023702596773,-0.09921078084053815,-0.2222138188175241,0.04335561398717189,-0.9316213250257386,0.2996648474852566,0
0.12831119144011666,-0.9791459410392589,0.14905052529330812,-1.9368532179749383,-0.09459492522214359,-0.2754155822737709,0.04250282429514939,-0.9334414138032975,0.29974615666252563,0
0.1290444600768008,-0.9816133193403344,0.14735694510444888,-1.9648484967871718,-0.015153162850594249,-0.26852375928997324,0.041534932426913786,-0.9345148105008708,0.29984852073877377,0
0.1293654846933286,-0.981832495291861,0.14709467902482032,-1.9800178642826742,0.10343233903513717,-0.19811106566076034,0.04047409831880397,-0.9351942844349773,0.29966138053512553,0
0.12863351873026854,-0.9821143598946389,0.14824515060312488,-2.0107747339414233,0.18895583793471718,-0.12600205040273293,0.04042827416796131,-0.9357656271576238,0.29929722278863863,0
0.12719631886759233,-0.9837862025101737,0.14856141546439403,-2.0592973487501594,0.20569011124970318,-0.12787776740153278,0.04199796449452128,-0.9362783207281962,0.29954940106189676,0
0.1259371551865574,-0.9851777381225449,0.14826068213577862,-2.0862507411033175,0.18395293203881696,-0.21650342228057035,0.04402785590119835,-0.9367635922352732,0.30113140606359,0
0.12533236626974323,-0.9841126647071152,0.1501168721789449,-2.0370701655736645,0.18614885339886975,-0.3269207635859484,0.04469953826241596,-0.937187026712246,0.3031983243674524,0
0.12483166312166694,-0.9810771763840013,0.1534163963502466,-1.8906225538032253,0.2452969457330897,-0.3845861589135999,0.04363504417263693,-0.9371986985873314,0.30335592561670427,0
0.12339394074149782,-0.9785672440070878,0.15279704756057874,-1.6901172423945465,0.33570695843717263,-0.37757451629322664,0.0421661545561862,-0.9363217567281003,0.29996548874637297,0
0.12122191883021774,-0.9779157733478017,0.14593710394615983,-1.5250592674406234,0.4040454492404609,-0.3562933876103883,0.04144738456118579,-0.934522966867072,0.2941599649298334,0
0.12036042468815816,-0.9780684626247981,0.13839840258066904,-1.4748489447457995,0.4225067551659774,-0.3745836113410794,0.04109250189907278,-0.9323491612768866,0.2890120057130017,0
0.12225285190862345,-0.9771987508223429,0.13715367903264966,-1.564762178176541,0.40694932439248854,-0.441174564312441,0.040113368377977625,-0.9303364459639301,0.28697823335714684,0
0.12529381348551846,-0.9743542365352099,0.14174329876902675,-1.7679198914614866,0.393647853152609,-0.5244021645401246,0.03859764326400668,-0.9285541985687301,0.2884685534856393,0
0.1264038370960684,-0.9698637358573589,0.14577342405380664,-2.0332350848875547,0.4064877535041077,-0.5942371029627309,0.03768171965127412,-0.9270449628493417,0.2922419079786562,0
0.1244690904999419,-0.9654581372665842,0.14591557050639004,-2.3040987181923964,0.43744309995549635,-0.6506996255779572,0.03795505303339948,-0.9263900363454375,0.29644056722229867,0
0.12077462481431046,-0.9637659876225947,0.14494349739726095,-2.5252535580784943,0.45294699654670756,-0.7088358962278157,0.03866878105018679,-0.9272115965290444,0.29952484685085795,0
0.116990589405841,-0.9661962913637955,0.1458878565014766,-2.6567689094729943,0.42856588847589633,-0.7666913602446351,0.038870121134311174,-0.9291798911818075,0.300895602217153,0
0.11453781622995046,-0.9710328507864877,0.14812529610449007,-2.695271859664113,0.3828946789955234,-0.8025066440705988,0.03871459850340503,-0.931069435449398,0.3008438565595481,0
0.11493896622907884,-0.9746935628092595,0.15060744141093416,-2.677941164824841,0.3722560265768175,-0.8026271720848879,0.03906718495605096,-0.9318426718950931,0.30007040193186807,0
0.11847467543394674,-0.9752537090285432,0.15447337304378014,-2.654938489690771,0.4477571021700031,-0.7785383640842984,0.040220230384770704,-0.9313783887029002,0.2995168510506564,0
0.12299500767753073,-0.9740244998699027,0.16019379917305707,-2.6525270511724983,0.6127055816176031,-0.7525874810116677,0.04173171268459718,-0.9302401281559183,0.3002321432264594,0
0.12600376546208214,-0.9734224378238486,0.16510724214836456,-2.664143160421808,0.8148476475068577,-0.7377943558902424,0.04327224374194823,-0.9290066506097217,0.30254295452265606,0
0.127296734596327,-0.9739659159879233,0.16577976333157823,-2.6756933621161205,0.983276752101901,-0.7351494503689017,0.04479328825006538,-0.9278486372181157,0.3053128429808096,0
0.12812802727432826,-0.9739253455147501,0.16149092255396838,-2.6903450917401788,1.0868001198254422,-0.7386858631664788,0.04598913371260408,-0.9267468127944529,0.3066647394608222,0
0.12888863928775388,-0.9717783751973819,0.15480998403055507,-2.720873086722878,1.1634555253428596,-0.7364262386085165,0.0464765810239836,-0.9260219248785417,0.3056800119520385,0
0.12894665651088796,-0.9683767745434937,0.14964381508699665,-2.7633836460890353,1.2875021478885211,-0.7152573898257503,0.04650312719363913,-0.9262322341612345,0.30315496861838703,0
0.12782249006051147,-0.9661632399140848,0.14857700705258384,-2.7930214728715232,1.4998964717805296,-0.6736404413257822,0.0467220303529506,-0.9274267226617318,0.3006223029243764,0
0.12555104957708205,-0.9666068787306296,0.15113493299359668,-2.7903367152249894,1.7675027033374968,-0.6274622390062674,0.047135661187286224,-0.9290283232685667,0.29895940218377126,0
0.12255547175381189,-0.9692645105203039,0.15426748077804142,-2.7608391080949026,2.0063352400091543,-0.5992090437546819,0.0467160223834815,-0.9306712205351477,0.2981856568407501,0
0.11969019867402853,-0.9730229371925916,0.15476805127893561,-2.718203415156606,2.138253206983752,-0.601409245853136,0.04443379762250775,-0.9326060178643286,0.2981287714763101,0
0.11797936783506707,-0.9768263735666927,0.15184377661548934,-2.6546235689932947,2.1268395894073273,-0.6288134702578734,0.04082772221397041,-0.9350070627456669,0.2985685349124984,0
0.11813701121698882,-0.9791436948333881,0.1477121100388088,-2.541456939313767,1.9799974306151902,-0.6624422864394744,0.038217635477403714,-0.9372304389576215,0.2989373102224592,0
0.12034625317252334,-0.9784949802067653,0.14527526151773373,-2.3599976235509494,1.747916608019757,-0.683598007646971,0.038580422369950004,-0.9379239628120347,0.29867470358848897,0
0.12389828952597588,-0.9752072782240149,0.14517707115804307,-2.125937583323242,1.5195440819988302,-0.6905588280699727,0.04107629611422807,-0.9359887692897587,0.29789667198736497,0
0.12693183632426783,-0.9714195955576488,0.1458400521146592,-1.8917833300211984,1.3780250685809319,-0.6988490347454027,0.042522079352637944,-0.9318824272446359,0.29718062966980247,0
0.12759099905527369,-0.9688855149664378,0.14607343300224815,-1.7355624790361817,1.322202038598728,-0.7166923879193098,0.04085489655530877,-0.9279238295888046,0.2968079878613551,0
0.1258087884306598,-0.9677219006224711,0.14647559747063799,-1.729932053173623,1.249978976273369,-0.7255116762662959,0.03751849492472749,-0.9266340174481275,0.29671039500109875,0
0.12309034949209471,-0.9673326525755025,0.1481692628022146,-1.8882760860231975,1.0582836322340334,-0.7004841809100599,0.03575217494565096,-0.9285053113255893,0.2969935070435873,0
0.1205495468277589,-0.9674167813188482,0.15087933519892271,-2.132261262721327,0.7600386087780353,-0.6507546980602865,0.037007793959594616,-0.9315323264164452,0.2979117271415914,0
0.11818571273293625,-0.9676681519611098,0.152553759298986,-2.3363329581990886,0.47961829059161676,-0.6215042504614245,0.03982185374597821,-0.9328891165171214,0.2992476389245339,0
0.11610446838764385,-0.9672325441738474,0.1510300621508896,-2.4275469678333015,0.33655429795129643,-0.646333965123022,0.04185699543666341,-0.9311778780263956,0.3002798421949268,0
0.11527306911112141,-0.9655461903857545,0.1466346947585645,-2.4468297463899273,0.35536976326305564,-0.7083795714075657,0.042116691941256494,-0.9275506965052357,0.30069166639416506,0
0.11634676637087113,-0.9639917223042205,0.14312109970752807,-2.5103867177870223,0.483014335735179,-0.7622687128631814,0.04098135894288221,-0.9249416678918875,0.30107486975406544,0
0.11841990408935563,-0.965397137298317,0.1444834930540113,-2.7073420127836676,0.6566318829565824,-0.7890853962958677,0.03895152558214666,-0.9257918789700914,0.3021391633160097,0
0.12013066114417997,-0.9704908261830486,0.14995727840659642,-3.0230968607002278,0.8302490484420049,-0.813283216222814,0.03657989635560809,-0.9298509958087632,0.30377676494102585,0
0.12170174905065373,-0.975566991632131,0.15426509427099577,-3.34450004778025,0.957802782975471,-0.8694757869505432,0.035595705932682124,-0.9341638813861519,0.3052554790559693,0
0.1242411665017794,-0.9757569982213503,0.1543500847203234,-3.531938193958341,1.0009760363969702,-0.9742615020283988,0.03811542844815806,-0.9357359710485287,0.3060800826001249,0
0.12720418583188986,-0.9712751611110919,0.15314907664134547,-3.507263506142319,0.9798535836383889,-1.1275469948909749,0.04353471045857166,-0.9343473154473275,0.30644086664187564,0
0.128870502973122,-0.9685072284005823,0.1544385924508167,-3.3108370362001565,0.9897724463947515,-1.3117662538014359,0.047974281302990605,-0.9324263266385484,0.3068621843579796,0
0.12933229288663775,-0.9730632241485243,0.15688493456872513,-3.0873828159804453,1.127991774792918,-1.484415678768088,0.04840112477760406,-0.9323731026647172,0.30731798815429817,0
0.1300223751637399,-0.9829507736918707,0.15610946628634584,-2.9907197432866033,1.3949843903965486,-1.6009358572478711,0.045771970001222344,-0.9346781490733228,0.3068147194287531,0
0.13004694034624378,-0.9908015903017142,0.15056723637670988,-3.0764448986914203,1.6774946705169926,-1.6620863726776451,0.04283303748454506,-0.9384062573100469,0.30443814378618067,0
0.1267422761322939,-0.9921747287699619,0.14312844699666438,-3.280484639175652,1.8293034431739703,-1.7245255027271373,0.04079975043879699,-0.942335169870213,0.3008909876749798,0
0.12111920333245701,-0.9894031290281748,0.13827140420938472,-3.483619336231531,1.7733453565121415,-1.8515529371338748,0.0398777309318288,-0.9452641119173113,0.2982120777325032,0
0.1189935982830457,-0.9872408758497742,0.13875621023334428,-3.5728595902784206,1.5495952503245165,-2.0609637958227007,0.0410515313265279,-0.946223771803443,0.2976387680455386,0
0.12389021788692386,-0.9871103237280473,0.14348835933488824,-3.4667064468707927,1.2891012902671297,-2.325251006019431,0.044573855361387575,-0.9453399464506775,0.29841017401162345,0
0.1311370788648324,-0.987226512567129,0.14774371809324632,-3.15098444895381,1.1387561285330892,-2.5991957632793974,0.0473258946057762,-0.9443555184601329,0.29904236804593326,0
0.13244152863300418,-0.986968849961412,0.1467069840890292,-2.7193770931129007,1.1811371788694582,-2.8215558677025916,0.04483052325313621,-0.9455948229978742,0.2991209279108019,0
0.12558694778732235,-0.9883704366966499,0.14010927702685103,-2.3413658864917535,1.4025977810512,-2.9086737658451978,0.037025686558995595,-0.950049070807564,0.29929566830195575,0
0.11649092674607726,-0.9928745371520693,0.13331115319149495,-2.154845111724482,1.7347805607801905,-2.7974225514608797,0.0297342609752061,-0.9565574177358845,0.3000031456927605,0
0.1116179128638715,-0.9987665788209725,0.13274314370795673,-2.1879700066197922,2.117587505420603,-2.51517119704932,0.028471355789759602,-0.9627938801439496,0.300933750870859,0
0.1112979624201661,-1.0030008323056587,0.13969980679171357,-2.3678596180406295,2.4976287735101548,-2.185890745973896,0.03212307859394276,-0.9667426618586931,0.3017682685179104,0
0.11176710239995873,-1.0045089939566478,0.14912347110152724,-2.5650140739330602,2.762356842716942,-1.949950486222668,0.034925141851143336,-0.967443125798482,0.30290301600787956,0
0.11162257722529806,-1.004574721201883,0.15489385195800828,-2.6364554154605235,2.7190531109623906,-1.8792379431653967,0.03431161055676687,-0.9651898975308171,0.30499631620746265,0
0.1133627934644443,-1.0040512183783141,0.1560680886649262,-2.4912906808775093,2.2062144499034066,-1.9661378671669931,0.03425648399075275,-0.961251418839269,0.3078705388085292,0
0.11810222599409644,-1.0011738348180141,0.1574400960294945,-2.155714460419082,1.2720104005093165,-2.1794350462985994,0.03916916630786021,-0.9564829433476484,0.31052520354984814,0
0.12155049418968793,-0.9932050650181634,0.16327423009470776,-1.7575420173426934,0.23194768519028958,-2.5089812267932716,0.046057009695019906,-0.9498468736256792,0.31264372819018665,0
0.11850553689674491,-0.9802089987462124,0.170965390311001,-1.431047378575309,-0.5042199599757567,-2.9293000391935293,0.046441066933513075,-0.9394838159874389,0.3153555013574304,0
0.11074334476416178,-0.965860987062671,0.1734254956587727,-1.2504815736216028,-0.7052939342246275,-3.323935937095531,0.03715923168809776,-0.9260628337666913,0.3195857125653249,0
0.10591545310533595,-0.9538660329608273,0.16848658384658718,-1.2573263175221618,-0.4426644210150891,-3.5117471544442598,0.02553974958213242,-0.9139008209086279,0.32409687979371454,0
0.10687049841144675,-0.9447560179145471,0.16246369497544885,-1.512358086836747,0.00857837041621106,-3.4117546286666762,0.020544239423373654,-0.9073350068496888,0.32616544360479793,0
0.10702539097440093,-0.9373697429419862,0.16218014390857077,-2.071585207969534,0.3501352394663806,-3.1578724113140946,0.021618729382693512,-0.9063581455638526,0.3240250986960185,0
0.10017283035861625,-0.9322631761971049,0.1663815874902064,-2.893522783320957,0.4045978381685203,-2.9857670712276514,0.02112230856076977,-0.9068792360103497,0.3180987148453964,0
0.09014618575252002,-0.9312216111347721,0.16777906124316286,-3.7860512596804177,0.2089951027326299,-3.0110869407188883,0.016041044724228484,-0.9051095263652397,0.3102926678742228,0
0.08489670005302456,-0.9335938293717173,0.1616586288779114,-4.48258975543945,0.0004558611305701017,-3.163230783028206,0.010889242942335868,-0.9010229528084639,0.30256695942095696,0
0.08411043786095689,-0.9360612066438407,0.1499154242405184,-4.83302295028479,0.03044556339869917,-3.305432794730863,0.008343111621311346,-0.8977696226912789,0.2958736865456106,0
0.07972261528666814,-0.9369967990875927,0.13787899361602093,-4.965720605865473,0.34214628267528413,-3.3469153114972463,0.0037634672396997903,-0.8983526078430301,0.29032889998936706,0
0.06825523019992785,-0.9385453517897037,0.12980378478225846,-5.21799796261934,0.7545289002655479,-3.257496239275097,-0.007313800977247179,-0.902983984978377,0.2863889489031712,0
0.05610742421931962,-0.9430783762150864,0.12695605179261005,-5.812699292990061,1.07259054215567,-3.0594360233060085,-0.021095947702692484,-0.909349447744436,0.28504130212259426,0
0.0510045825863217,-0.9496917459784816,0.12748526816452888,-6.592748658128137,1.2709717644972565,-2.819050952447512,-0.029583008075437782,-0.91492384689817,0.2862239201176439,0
0.0531366851706449,-0.9555857488139989,0.12796838653360038,-7.154341570782426,1.4535800701465569,-2.5930627975285407,-0.029924552106591867,-0.9186326530219172,0.28800358973883655,0
0.057010647391680366,-0.9591199724685929,0.127173081778389,-7.279543620650592,1.681105496873718,-2.3695956607002766,-0.02580726925369463,-0.9206339121732616,0.2884831877196341,0
0.05915470975288234,-0.9601544611404784,0.12809832039669458,-7.199456700744912,1.8881126616014354,-2.082483445017071,-0.021052812206076976,-0.9214622373764797,0.28805071642863644,0
0.06228506978807595,-0.9591341164937144,0.13389001361447692,-7.418526254668267,1.956639628150949,-1.6734878383547565,-0.014913170831787663,-0.9218145413553803,0.2887707271900508,0
0.07225641651273369,-0.95768347247807,0.14233272949623166,-8.317105838226944,1.8338120694954894,-1.1249795467190213,-0.004064330331226513,-0.9225723260193355,0.2919806978002773,0
0.09019776969998317,-0.9588004843377262,0.14785358696939377,-9.910435021846867,1.576896453563768,-0.46221951168119796,0.011350227370441508,-0.9243029109562427,0.29730474463193834,0
0.10819812284656143,-0.9640722674708286,0.1490016715892109,-11.890276360633049,1.2978541899808245,0.23277472689006923,0.024698157810670033,-0.9267048474535581,0.3033679948003035,0
0.1155985189176946,-0.9709169622553466,0.15000349362938428,-13.82723043361221,1.05846367698777,0.8173592232134033,0.02804991300286811,-0.9288394892702354,0.30826635790810847,1
0.10972122782984604,-0.9746986769087176,0.15386920796545317,-15.395052174741053,0.8232379504964815,1.150929267950553,0.02070489300254526,-0.9299852324918654,0.30974833977790867,1
0.09791294654723073,-0.9741629555466572,0.1574479989411039,-16.51908657192888,0.5360437000506166,1.2032843986786093,0.010210556226185942,-0.9303869586372008,0.30663518931450184,1
0.08966602048679999,-0.9731119147288142,0.1553191159565993,-17.34695079256343,0.22208992364247163,1.1068427893307842,0.004835558620862756,-0.9313375033803413,0.3006226990288458,1
0.08984710322027435,-0.9754657536916695,0.14643217816120774,-18.047437389421532,-0.049724894769934365,1.0756850478705005,0.00786861489269045,-0.9341313621981783,0.295265036629726,1
0.09920386725576821,-0.9801204413373569,0.13469631784646227,-18.65150849029479,-0.30364007528412906,1.2256018332838345,0.019056149586451777,-0.9384475204193172,0.29186141546917077,1
0.11696464642180862,-0.9828448123841076,0.12426545013583468,-19.139651255931433,-0.6494622918511875,1.4509757649823876,0.03708999265572827,-0.9421931198665888,0.28721003938125217,1
0.139773210943292,-0.982226688355425,0.11694872128819954,-19.650420575488386,-1.0700274363036308,1.5206710030266097,0.05820207293610392,-0.9435116325181432,0.27755923899524465,1
0.15986713199244174,-0.9808676286106727,0.11394257957359676,-20.44568409155228,-1.306614606391486,1.351071710661213,0.07514673883975068,-0.9424735738990758,0.2651869231693628,1
0.16862392974035414,-0.9810507364956429,0.11646584989279578,-21.53765312873017,-1.0967965011340806,1.1767234571528573,0.08150519472137867,-0.9404005504014927,0.25836613848237994,1
0.16402685364637093,-0.9820797421873662,0.12258157076388189,-22.424928499359833,-0.5355423424380718,1.3959521829828128,0.07764892021712787,-0.9383836803344605,0.26207488957159814,1
0.15379471663939887,-0.9820776865957019,0.1257125483557948,-22.43758107851417,-0.09362961457631024,2.2175286046247953,0.07101741002454506,-0.9369837826614067,0.27040437015679025,1
0.1499601654340766,-0.9802077037256252,0.11976733334160534,-21.475819113886832,-0.2175519534254461,3.4660280599029223,0.07008390935621077,-0.9363436089536197,0.2721564238374473,1
0.15940169516950725,-0.976885345048678,0.10617431925815748,-20.293487550058416,-0.942325469383935,4.728634771809422,0.07801296814305173,-0.9358226066129822,0.26358337420444305,1
0.1779845543789419,-0.9733959677341789,0.09371695646522801,-19.89995883463103,-1.9135588064060145,5.6712806587882625,0.09079927451554305,-0.9342722614131749,0.25176021423483674,1
0.19329874103561256,-0.9713824664028958,0.08988655457504613,-20.69355474272591,-2.7398688212902518,6.239259074212861,0.10059348290360796,-0.9313434702888116,0.24533583416975394,1
0.1952402826164034,-0.9713868593501354,0.09291600526558233,-22.223223742189493,-3.2944270326646965,6.631939057743174,0.10214155238304254,-0.9281014997599432,0.24554734630946307,1
0.18569234674358587,-0.9718458970487193,0.09374229166079229,-23.691897688033478,-3.718063859075848,7.123705427804795,0.0973050089270564,-0.9260201083472547,0.24701604597577628,1
0.1765460056486882,-0.9707835577017454,0.086072852543111,-24.566883529611506,-4.192667916642993,7.865159046487009,0.0927835472877559,-0.9257483165421125,0.24445141643181714,1
0.1772693001825154,-0.9687640061899498,0.07308851477690421,-24.771721722235355,-4.734753159492198,8.799010350010205,0.09309743867796039,-0.9269422715575674,0.2369350445813076,1
0.18633763461313751,-0.968960259700769,0.06318066460895155,-24.500174441686504,-5.190598342889348,9.748858399757808,0.09679341644151312,-0.9287059815218072,0.22713096686759468,1
0.19545750117547678,-0.9733454814779811,0.060454272650797586,-23.97246182048325,-5.398050206669076,10.582553876397913,0.0996099971214758,-0.9300184188515337,0.2183883856074156,1
0.19885981286391108,-0.9794249799935335,0.061590935736739835,-23.321689708024685,-5.338074839038121,11.285671852150077,0.09954274010095783,-0.9303615704173895,0.21291093569471622,1
0.1960458613851629,-0.9822478165833773,0.06158784922500432,-22.592748060574728,-5.150471374117175,11.90877263533061,0.09751176752627445,-0.9302916641543599,0.21154788986488823,1
0.1880701687327291,-0.9799270834071689,0.05986460922238889,-21.777874319910676,-5.0349972810096455,12.49911008835736,0.09429169270227523,-0.9309978669684843,0.21405685108477393,1
0.17564852545586515,-0.9757723559385342,0.05957747767493748,-20.863630713136832,-5.137530923599781,13.101492326401036,0.08904701376900324,-0.9329714190461003,0.21884753305728694,1
0.16182520343761903,-0.9744741434829647,0.06238295066404225,-19.896732444976003,-5.487558175268187,13.786137553610658,0.08138567151963826,-0.9353104987701977,0.22282930927970632,1
0.15289050167512305,-0.9774211480634741,0.06548490113378892,-19.030239459341818,-5.992212239734181,14.622569146651708,0.0733717439181897,-0.9365080590535686,0.22302435222779912,1
0.1529129345670299,-0.9820356867261169,0.06445076977171686,-18.473354775295302,-6.476900757685017,15.609144796189227,0.06813621279947954,-0.9358048500199658,0.21947657401127213,1
0.15792756489295648,-0.9844585963550433,0.05899257843143038,-18.353570970706834,-6.77047658313576,16.655962206161345,0.0664853462760496,-0.933806779216916,0.21604301127387704,1
0.15898918715139962,-0.9827778492568442,0.055056865589686074,-18.621262013818722,-6.81016215515128,17.67073932022961,0.06576199401154252,-0.931962736972029,0.21726886882762653,1
0.15183715593408967,-0.9787579996131728,0.059580437888620365,-19.088084575330512,-6.6973961169412615,18.65908679854654,0.06270432843066452,-0.9313275763116545,0.2243305432823711,1
0.14102433939057937,-0.9763730765215154,0.07296816325118927,-19.533594182170077,-6.6397671531505,19.714529647997214,0.05710573707396111,-0.9316440336652396,0.2341716374550162,1
0.13386866592869334,-0.9777521846162582,0.08831129756300227,-19.773400728049573,-6.802269467124624,20.90620508991607,0.05198474339952473,-0.931797634355833,0.24230082451290677,1
0.13305520340252402,-0.9808799365473698,0.09829482542310458,-19.688257557601446,-7.184995144874312,22.199457323714388,0.05024132997593615,-0.931302056290782,0.2463115736074586,1
0.13606566457204314,-0.982021087265326,0.10107801565081369,-19.26490988263878,-7.626296959057397,23.49808781042694,0.05178982998692661,-0.9309236407030157,0.24709356400923968,1
0.1392122857882096,-0.9797145446430943,0.09952787196465732,-18.62655162679239,-7.916025767491332,24.744120757133718,0.054224143294927675,-0.931408776094397,0.24709441782829683,1
0.14072033321592473,-0.97557009981732,0.0975761451430434,-17.988073832197042,-7.9245961767389606,25.95244733597282,0.05583031495372982,-0.9320190329290091,0.24774936409387552,1
0.14127940239307185,-0.9720130231194924,0.0980661540664888,-17.546462170831997,-7.6641774502781255,27.159385380366178,0.057174453735548636,-0.9312228135511089,0.24881413297139512,1
0.1427999867108023,-0.9702865421859728,0.10152244637408404,-17.394553881118377,-7.25025102930816,28.371676984154686,0.05958340539709165,-0.9288816302103217,0.24980452589409935,1
0.1463248546641725,-0.9702713867328171,0.10545331866579453,-17.516112932631465,-6.798628402499561,29.571538458143834,0.06293946487629218,-0.9269094223130366,0.25105843984818516,1
0.15072066394928282,-0.9714727201954177,0.1060565951364045,-17.838073368932072,-6.347899973378679,30.74188990748031,0.06574256982882916,-0.9275342701099714,0.2528739860206686,1
0.1535581392507914,-0.9739303153502867,0.10195374281809864,-18.286209208008138,-5.869943063295483,31.8675918961373,0.06693041762287283,-0.9316022369662991,0.25434846440254333,1
0.15351303473231936,-0.9782840303016456,0.0960372559088397,-18.814390862090843,-5.333172230996439,32.925155453635924,0.06679248091847778,-0.9387268724481099,0.25403364682375995,1
0.15164895627924754,-0.9853219522706395,0.09271323969626369,-19.40090222724009,-4.738536266884276,33.894154106262455,0.06611243904486606,-0.9482083115840308,0.25160956920099864,1
0.15004640239226139,-0.9955087698232918,0.09310990128689715,-20.01814421688381,-4.10443413629669,34.787882855253,0.06510444945554468,-0.9592529740859179,0.24815735061687616,1
0.14976383143855987,-1.0083381244442944,0.09373576546271847,-20.59929083988778,-3.4408204880245585,35.663707282918885,0.06349298554872314,-0.9707869680799387,0.244804622028007,1
0.1507703024635061,-1.0218971026844543,0.09059005285317517,-21.034806664365743,-2.7490136528047913,36.58956006538524,0.06133486421416995,-0.9816790744063216,0.24180129942617748,1
0.15295354802069053,-1.033754323321431,0.08434139917507164,-21.2084072889157,-2.036295413010048,37.59799794847666,0.059405907216981926,-0.991129306909495,0.23895482167295026,1
0.15573713461120975,-1.0426794709454779,0.0799591146843864,-21.038285948371826,-1.309071421940538,38.675855693871384,0.058672543264489,-0.9985031240395843,0.23631134904925852,1
0.15730050872159884,-1.048752452812774,0.08039346529962649,-20.482246690446804,-0.5419754616867247,39.79376085518522,0.05951613145764616,-1.0027925819291208,0.2342374783244706,1
0.15637427877951515,-1.0512655898239036,0.0826614618162056,-19.519961744589647,0.3304747772758145,40.94169200948903,0.061706590722099365,-1.002768546172355,0.23314609663891095,1
0.15500126272002007,-1.0477264840480667,0.08217716260898981,-18.173331676855987,1.3659882926672031,42.13810992321802,0.06506080401663338,-0.9981214174083158,0.23314805264555652,1
0.15701711879165012,-1.0366289680059644,0.07883385240967919,-16.583298963802545,2.5428872433294702,43.39876520827059,0.06951419734495616,-0.9901634476064722,0.2338230151463794,1
0.16275806418441577,-1.02094207712974,0.07620165076974136,-15.06001942455837,3.7358327530743036,44.689558590704216,0.07418711690711975,-0.9808406910499115,0.23446018912052227,1
0.16768783633338824,-1.0069365743451715,0.07651505700541018,-14.001986218547076,4.78095866797023,45.92816468677145,0.07726025512188785,-0.9712242772158881,0.23470139850226127,1
0.16804677702632964,-0.9987829304110649,0.07910295917470511,-13.705601179682969,5.594310875624885,47.0602131623018,0.07779985796174092,-0.9614669708937814,0.23489803945279616,1
0.1658138676867156,-0.9953857887026294,0.08250219294391489,-14.220349718496731,6.240113730746584,48.127141941529565,0.07695496631613231,-0.9519148598643868,0.23574878301304836,1
0.16566004281105845,-0.993050659538588,0.0855216224718655,-15.364881144435735,6.877238943903308,49.22748418932253,0.0760826699785671,-0.9436450053875288,0.23766426615859537,1
0.1683166672562209,-0.9900985047736258,0.08680486866462304,-16.856658119777848,7.6450499703198975,50.41183557577479,0.07452327036024153,-0.9381575567140814,0.24047770086680087,1
0.1696439547745521,-0.9881191145292537,0.08615506087468243,-18.431780323433916,8.631310872721246,51.6479356860111,0.07076426204572839,-0.9369645027623563,0.24356215499460662,1
0.165801920142903,-0.9896291591705578,0.08662716681799315,-19.896484089611114,9.966495886444878,52.89119697922032,0.06500750953896356,-0.9409868227039551,0.24633478367071865,1
0.15699998014983607,-0.9953514713269908,0.0922838018905605,-21.13168245362849,11.907033953634118,54.156552515245295,0.058786368642496305,-0.9495808963181414,0.24914519050308345,1
0.14645871582672634,-1.003466912403302,0.10261355640810277,-22.091570535766586,14.734027607584421,55.52016493366078,0.0526682560216113,-0.9602145341329829,0.25359807224716363,1
0.13799515175652638,-1.011486878960747,0.11196262277809262,-22.81418214365672,18.480554112666013,57.0964622218548,0.046507922482263896,-0.9700494908370421,0.2610782274604867,1
0.13414946375969597,-1.0195217403333963,0.11611237953052103,-23.41480590202971,22.72307488379319,59.03039479149192,0.041691213356126036,-0.9788517264082259,0.27056662887872873,1
0.1339459415450711,-1.0313409611223021,0.11714309360161625,-24.009692431350828,26.679163509357622,61.455363645780054,0.04037257410702447,-0.9901697587373957,0.2787887207985081,1
0.13258805984181163,-1.0508089694844598,0.12001399592299836,-24.575571191129995,29.60356821573695,64.38695489954124,0.04178536681080421,-1.00823242184844,0.2829428762320573,1
0.12572436299906878,-1.077256990447369,0.12506541113196212,-24.857583913979227,31.19698422719418,67.6459302564975,0.04178347874503926,-1.0331788611244883,0.282170094871782,1
0.11412979066927352,-1.1060629229316539,0.12510047093199902,-24.477841419995396,31.71155695953439,70.92881697204476,0.037348106821726,-1.0607401658752784,0.275943177411024,1
0.10288282748865649,-1.1341943957545946,0.11122012973668112,-23.248980121288398,31.68673245848384,74.00079614228876,0.029942326595183078,-1.0872131654347241,0.2626966554960601,1
0.09618192526956781,-1.1630316007621033,0.08180294001989798,-21.41555353787878,31.547006296796187,76.83930115830769,0.02329349648617744,-1.1129683833635056,0.2410497605288476,1
0.0933542511235263,-1.1942848821050418,0.04379114203967071,-19.49590101525868,31.384054001613716,79.57894722040501,0.018826603168539877,-1.1400060923378432,0.211271507745988,1
0.08917627965811752,-1.224982454473704,0.00530443004397557,-17.81638187029532,31.060828012886528,82.29233561509477,0.014011443789212073,-1.167635460335791,0.17528253268269164,1
0.07785335288264263,-1.2488770549186168,-0.029475438977683465,-16.254021580216506,30.481561435182904,84.82255932400048,0.0043808643740653515,-1.1917796640124343,0.136974481839931,1
0.05737004067641605,-1.262050805875163,-0.05784022774064968,-14.486563665979958,29.743837898986527,86.86231623424541,-0.013510212299847762,-1.2075671129125385,0.1030288385067964,1
0.030908004607951907,-1.2648878195895572,-0.07531501906102712,-12.419213923573574,29.042620080315874,88.2246532592029,-0.039577660943282,-1.2119251370583592,0.08115275904271751,1
0.005441375658467685,-1.2590627061790385,-0.07775032632020866,-10.27004815614585,28.46553678206199,89.03265925895407,-0.06805070215792561,-1.2047973128931109,0.07544518610222475,1
-0.010698822230128914,-1.2454777718242418,-0.06649411898364228,-8.26941610154544,27.933163921215645,89.63687049609334,-0.08817803708180033,-1.1891178886877134,0.08357183921848274,1
-0.011740515935333411,-1.2257229886191925,-0.05001694634023703,-6.394234951637829,27.379719896809295,90.35088935124338,-0.09095145125822833,-1.1695034410609773,0.09871865541746248,1
0.0004985100284268475,-1.2030315020709261,-0.03823540971999375,-4.464627223317582,26.99033018439792,91.2581003307125,-0.07784933953818995,-1.1499782564167003,0.11358971061572809,1
0.015792375580612254,-1.180330211110105,-0.034701986924496275,-2.4771145423651864,27.210179544061802,92.25526651517633,-0.06163953936655081,-1.1321626942716414,0.12299951523442573,1
0.022804006709069007,-1.158116010822563,-0.035939211736855596,-0.7846510371633434,28.44910084365115,93.27080110774357,-0.055761373726911284,-1.1152877913573187,0.12493391574741772,1
0.018678669528821686,-1.1348090393582901,-0.03804898199109213,0.09201909553814942,30.71225951167141,94.41230041970623,-0.062007225852513274,-1.0975478687037157,0.12061605140240096,1
0.01062097461025165,-1.109235320847377,-0.04133489320693892,-0.14051130366801706,33.4799094648632,95.85178215742705,-0.07000750414830202,-1.0772398495282316,0.11308089630488269,1
0.007356955833583899,-1.082998190966927,-0.04806517398124953,-1.3020265878044923,35.96189377871999,97.56160175199554,-0.06997350114376047,-1.0536269383193668,0.10504552572994592,1
0.009809346674183603,-1.0601617089786992,-0.05788672237489285,-2.859380217942554,37.54578850853224,99.23560047191033,-0.06429429921778351,-1.028321753557221,0.09811078972104782,1
0.011276100777711755,-1.0440510880150828,-0.06643658629873705,-4.304146283967703,38.08615317350292,100.535525242977,-0.06386091508726793,-1.0057411684451176,0.09350472170364736,1
0.005760481168824211,-1.034342598726025,-0.0681018086156228,-5.430781932743957,37.81582732929592,101.3911842606162,-0.07428272585675379,-0.9903863269746069,0.09254603975838208,1
-0.006968142775118202,-1.0275416368129786,-0.060773178959817535,-6.259273317219203,37.01781979000401,102.00198155167813,-0.09077919917073149,-0.9827107404479671,0.09596693187015305,1
-0.025153600431018427,-1.0203607025902892,-0.04853312352184697,-6.750441959683498,35.79952944278248,102.56723907718548,-0.10762244214425655,-0.9782404840521355,0.10321656080093101,1
-0.04942267503546139,-1.0122858427077541,-0.03837484667559014,-6.695431606577839,34.12037835272983,103.10642854604512,-0.12651793580875204,-0.971333080513955,0.11273529543612215,1
-0.07899374580654364,-1.004467214088399,-0.03312407932623989,-5.899492418492577,31.92914435917136,103.56832374434877,-0.15100686714702216,-0.9600001781333575,0.12269484749197967,1
-0.10548938305121647,-0.9968050621083016,-0.029225464627771643,-4.390002890548768,29.261979751064,104.0095832955002,-0.176288671198652,-0.9471962472697893,0.1313265454700504,1
-0.11666545518113611,-0.9875564177652341,-0.0233827178800101,-2.4133819137238834,26.32768291145014,104.54919397213767,-0.19089929239421627,-0.9371905806119747,0.13678481973915824,1
-0.10875374069582895,-0.9759703541666851,-0.019378371333610346,-0.3371966705437607,23.59582008459598,105.17264412402571,-0.1889911971433973,-0.9306799809000599,0.13721875950540327,1
-0.09242745954790134,-0.9639455932564447,-0.02455922448670852,1.3562480203564113,21.72020406324519,105.70540625043581,-0.17739405349516615,-0.9243902037653573,0.13169091653837522,1
-0.08456085800101366,-0.9541057431042023,-0.039953569558719114,2.1074541012789485,21.160151491031435,106.02582524965364,-0.1695683059478802,-0.9159388512259714,0.12132113650068618,1
-0.0946780040946321,-0.9468217142391957,-0.05772316183689497,1.5552765643180877,21.731563647626913,106.23208447519808,-0.17444409505067426,-0.9074902923194762,0.10899861592817327,1
-0.11879330132642651,-0.9401334743917976,-0.0690424239163747,-0.13552578547990354,22.57892719396498,106.544798663985,-0.19095118485228327,-0.9026520039340097,0.09776356666920408,1
-0.14395255589980063,-0.9320648152579661,-0.07123698970310952,-2.3186150192874804,22.74118671647869,107.08099746428579,-0.21043864124399597,-0.9003536196691441,0.09001179559944261,1
-0.15829001355031858,-0.9216477650923909,-0.06645761251063027,-4.311296696169546,21.853631104595284,107.76025506399324,-0.22326347087179765,-0.8943022592678819,0.0877732447858358,1
-0.15933933811164167,-0.9082742998389858,-0.05719091960514321,-5.772448752122858,20.339462857799724,108.3975835748207,-0.22571205405399622,-0.8794975253638375,0.09194760281077566,1
-0.15495411702326742,-0.8920754651405794,-0.045767624011636046,-6.657482244873711,18.95243257313866,108.84410843541573,-0.22314227970356004,-0.8577982997601514,0.10075823339563418,1
-0.15609430695213308,-0.8749463546413341,-0.03569338748873802,-6.932383165759188,18.163503295518723,109.05258607660289,-0.2256127699371372,-0.8357295587545039,0.11061297292672541,1
-0.16772903578363593,-0.8592560266403727,-0.029273076242857063,-6.467473522193386,17.956674708917262,109.04814191443961,-0.23847239457865466,-0.8176040033776453,0.1195577608341061,1
-0.1860955669443148,-0.8448354136971769,-0.02432328935434304,-5.238075875928641,18.07309022062045,108.85436829629839,-0.2574149652953078,-0.8021987615837529,0.12852132066560212,1
-0.2040839318440592,-0.8283018572700362,-0.01766672498239093,-3.570495422636183,18.24358431658248,108.45587331057159,-0.27392594174645124,-0.7858392482749409,0.1375392685159004,1
-0.21856484656395783,-0.806535829158281,-0.012930905331284612,-2.1252826026689013,18.091636304259854,107.84854264843668,-0.284762385211215,-0.7671451497433167,0.14187691209224268,1
-0.2323067546525577,-0.7814971995876843,-0.019474513743700277,-1.5813542942428958,17.0002802190958,107.13366548072364,-0.29445685377091235,-0.7484601357430305,0.13509378471679484,1
-0.24964527222413324,-0.7614257857131943,-0.039370905942481924,-2.2725149044424415,14.445164025437624,106.55101526873274,-0.3094549769566255,-0.7342892443025797,0.1175695202860799,1
-0.2720104969016131,-0.7560892053630762,-0.05946825268534248,-4.081432583961171,10.672714377603405,106.40417283590008,-0.3323616508323056,-0.729452845030718,0.10007698410055016,1
-0.297907224407875,-0.7700415977767098,-0.0623379794066926,-6.640998808367025,6.921665847589315,106.94544720819516,-0.3617291372525003,-0.7376463038556472,0.09612315265466137,1
-0.3249084379504153,-0.8009154784758681,-0.04331031043698061,-9.549907850148124,4.682974414153821,108.31179986434648,-0.3939792990279829,-0.7602973608841522,0.11092251286064245,1
-0.3505084456687531,-0.8441539612633207,-0.011449647019793247,-12.315034685962177,4.5519097268718856,110.50209741480028,-0.42380453351656333,-0.796683651998695,0.13964767619485166,1
-0.37364949952438536,-0.897300081243144,0.02377257646149692,-14.156167713416796,5.74424920880922,113.32433646507278,-0.4461516914833619,-0.8447168176068889,0.17483301415840258,1
-0.3973689465890072,-0.9570185027584376,0.059004824520160884,-14.076384281110919,6.697008213890086,116.36342348570926,-0.4622092979100783,-0.8994719956886333,0.2109903997516223,1
-0.42695068538684056,-1.0118854866969196,0.09005394684558306,-11.310078927404518,6.204971916583492,119.14468539243512,-0.48188148971001443,-0.9497232235703129,0.2414467835159128,1
-0.4619052673621341,-1.041902261952084,0.10667253036674769,-5.848923990262007,4.269796821310364,121.48199948570411,-0.5142820634061867,-0.9785507489052454,0.25632628625115716,1
-0.49211099438608397,-1.0297940453850878,0.0995209521921038,1.2654932248630453,2.17867895609358,123.64354944324155,-0.5545468404756019,-0.9719845512229737,0.24887492331708336,1
-0.5069511144107421,-0.9745914610836887,0.0703468967362426,8.037399405945921,1.7664324976455823,126.0200242698295,-0.5858921452200347,-0.9292039677720163,0.22316870316016355,1
-0.5076331906864563,-0.8933087979861768,0.033176170488301675,12.140390891960081,4.274391169204752,128.5732448316546,-0.5972929252824978,-0.8632671042612261,0.19279831801312597,1
-0.5049767985395527,-0.8090940204042865,0.006479603822029042,12.003001918000889,9.560813113810564,130.73301854635318,-0.5932541571042699,-0.7913746842214381,0.1721346506237248,1
-0.5040767011625209,-0.7386052684373043,0.0033939736724394954,7.7524726254575835,16.169372108986998,131.92612001968214,-0.5828089401692489,-0.7257461024429097,0.1694876079722161,1
-0.49718718713305704,-0.6893380887301673,0.024976917711428504,1.2356917994216532,22.077489734376833,132.08781313749083,-0.5661095809951453,-0.6732141313335923,0.18532361668156666,1
-0.47619933225120714,-0.6632772167021701,0.059222783878120404,-4.999554371548555,25.614834833736513,131.49009254777116,-0.5393653733304224,-0.6385412088796875,0.21247738898828905,1
-0.44908086128017405,-0.6573197595355089,0.08750999713464432,-9.016698233098179,26.172602137012127,130.13911981270934,-0.5099508813182563,-0.6231814971704452,0.23820326044811113,1
-0.43847005939278927,-0.6606672025772282,0.09550597988221211,-10.214944968664387,24.38755205874888,127.60155835543712,-0.49856442138905155,-0.6212005551301054,0.25007195800528426,1
-0.4629290360311581,-0.6578659535282602,0.08036892645564522,-9.215796916415231,21.59951944247186,123.54545472376168,-0.5232257958893229,-0.6202629319320565,0.24238634071592638,1
-0.5216417407081448,-0.6388471042741987,0.048912328218991774,-7.30503265475511,18.9404516473425,118.31346740984777,-0.5829354922466325,-0.609104454064088,0.21711869041158632,1
-0.597504222550896,-0.6057268890350082,0.010226764323292597,-5.892073978805122,16.836902039010578,112.80201315888579,-0.6589126098904574,-0.5845717069651838,0.18005495147330344,1
-0.6724461112645888,-0.5690587740329244,-0.029980614481628334,-6.095048907314041,15.235627600041992,107.7922434710192,-0.7313660335403303,-0.552105002777347,0.13795179999166715,1
-0.7383594004144335,-0.5388018417486611,-0.06959698706545277,-8.35897408894723,14.048699987446449,103.47914646936242,-0.7935199526165496,-0.5204525183931307,0.0978270675158951,1
-0.7958763886390283,-0.5191966638259276,-0.10646112179774112,-12.19040966889824,13.248957056520881,99.61913012173363,-0.8495993062768569,-0.4960205578333842,0.064827491744682,1
-0.8470935790531551,-0.5100418332758356,-0.13694839560549937,-16.2692151784261,12.655378805298321,96.02460895441135,-0.9025528671154394,-0.4813262517606834,0.038872289763807646,1
-0.8909459711374987,-0.5104819794078213,-0.1608914173423487,-19.00661586296663,11.803971445079885,92.86749002113761,-0.9473146645824266,-0.4770618846347311,0.014431018081406217,1
-0.9229842347197319,-0.5199794500218928,-0.1860459562893767,-19.26082607810591,10.09347618618799,90.52894680766292,-0.9756688878932699,-0.4830463371331701,-0.015235567673593988,1
-0.9376405969921807,-0.5347050597331464,-0.22187146897173007,-16.83965791942795,7.105716231605077,89.17270321697171,-0.9844174817473388,-0.49567096787126264,-0.052910083769449646,1
-0.9329025660661217,-0.5449110430581315,-0.26699676710710696,-12.617481799953019,2.9389487834753227,88.47116575409213,-0.9779961683769096,-0.5062269238282356,-0.09503042439660439,1
-0.9155799638700541,-0.5403527046750404,-0.3063977253395821,-8.2268738198412,-1.6273800954931446,87.79989417670457,-0.9658300105148847,-0.5051285019078369,-0.1327321883509887,1
-0.9007466999452934,-0.5199853186073429,-0.32371874459098193,-5.335997510013707,-5.383842089804941,86.76743965004233,-0.9583437557777016,-0.48919439861096764,-0.15538206972719062,1
-0.9025579033984108,-0.49357028683407,-0.3154449685893836,-4.792648861014241,-7.411167353225915,85.54971575042293,-0.9626667886408524,-0.46437966184761836,-0.15586793761750262,1
-0.923850087822262,-0.4724905676260311,-0.2912096294682882,-6.240769154575909,-7.804886325721183,84.65139573166441,-0.9789233201487395,-0.44146845640946586,-0.13506489289354903,1
-0.9547392750621628,-0.461747684610685,-0.26145356555974364,-8.560760740316669,-7.709358636329251,84.34689319808899,-1.000742979502791,-0.4292643531839125,-0.10086810308468051,1
-0.9817534975781761,-0.4617043507734125,-0.22908404414821185,-10.691232164122953,-8.506741862618972,84.41828116374478,-1.0211426322221053,-0.43058227782720193,-0.06221572011549634,1
-0.9979841451773894,-0.4728365823736973,-0.19525828672973877,-12.052524218620967,-10.82442938722399,84.43871581803793,-1.0375302238063082,-0.44257903420662187,-0.025975968255310504,1
-1.0035070206229777,-0.4936915065967093,-0.1692615091887835,-12.413560821098208,-14.202786038225238,84.2125093919712,-1.049187894687922,-0.4591258488962447,-0.00036384232231386187,1
-0.9979070355711819,-0.5145577811191013,-0.166227565355734,-11.745839371077059,-17.616460732229864,83.85293320937609,-1.0512183321547366,-0.4719390087470717,0.0037218258843466087,1
-0.9774939361765868,-0.5178850156749186,-0.19227441542008525,-10.406059189425493,-20.270850212811844,83.47208298589436,-1.0355540350081658,-0.47072934190850113,-0.018635483000107228,1
-0.9415519630749295,-0.4895404609670083,-0.23387442170052983,-9.253001269743903,-21.967538433608286,82.94344118538206,-1.0001122086057268,-0.4464099222375473,-0.056427157045404075,1
-0.8975004750164968,-0.4314691142593196,-0.2659194402017338,-9.190123485966067,-22.900320310260504,82.06725811209613,-0.9544146307454683,-0.39807395405633916,-0.08758536786021834,1
-0.8577459074693513,-0.36228186094194703,-0.2728204094402659,-10.390641442252853,-23.32136151658626,80.89829646354976,-0.9139732120377566,-0.3369309864077824,-0.09741139969225728,1
-0.8341655919860631,-0.30351137845729426,-0.26066521829134565,-12.075820179896326,-23.472767183880848,79.7721534971274,-0.8910498445784165,-0.28059404041805497,-0.08960236431484762,1
-0.8361789402609444,-0.26469110545254954,-0.24625034920450065,-13.247137903114709,-23.70891240674995,78.99903059546992,-0.8920459040719655,-0.24139075120633258,-0.07656278909454685,1
-0.8682623708079996,-0.24174852477352785,-0.23568881542023654,-13.673634195267175,-24.520768515660322,78.64426825223481,-0.9188259464894861,-0.21982980744349845,-0.062222249012148144,1
-0.924298922082522,-0.2274945324781559,-0.21875706769411568,-14.050878933123421,-26.376439565196463,78.65910448102962,-0.9666933961075763,-0.20878188319215907,-0.03922865872990329,1
-0.98720297456573,-0.22017303366646182,-0.18466218127803913,-15.142924979666539,-29.50314229153142,79.13695187953309,-1.0228622206183364,-0.20252033518706453,-0.0018439014267838745,1
-1.0392323233213245,-0.22227759301557357,-0.13731752172391107,-16.887355993316326,-33.75444061272374,80.32485745838395,-1.0726641680989926,-0.20154825710634675,0.04387898145845441,1
-1.0725146301080286,-0.23554713656546789,-0.09169989294714895,-18.45742482578849,-38.65333464092445,82.35567460226346,-1.1079850780812042,-0.21055211965889373,0.08465273996185815,1
-1.0880025212761917,-0.2594039716339391,-0.058868002447925206,-19.11998119946165,-43.60816907900654,85.01985671028513,-1.1274620736289132,-0.23298335946385454,0.11182368224524322,1
-1.0877281502220622,-0.291778294324289,-0.0381598464182985,-18.871476126558672,-48.16897599443671,87.841213926719,-1.1308870459690443,-0.2667480630148055,0.12686149328727292,1
-1.0731193198556181,-0.3288051605078405,-0.02198944313835676,-18.250252364320342,-52.15729996595123,90.36288751282987,-1.1185561792551826,-0.3040393462968394,0.1371792043707979,1
-1.0504590792049695,-0.3642766157354396,-0.004273957755866201,-17.698232323947217,-55.607403521350406,92.36082175603036,-1.0965390261899972,-0.3356998003266978,0.14954169998564598,1
-1.032259502469207,-0.39131318503492046,0.016258466570892596,-17.188356164549294,-58.59371386362734,93.87894474278963,-1.0777918680280463,-0.3566456015130888,0.16740472569782539,1
-1.0282409418176741,-0.40607343887412645,0.03796245427139773,-16.383738070840465,-61.090097538103684,95.18597795170477,-1.0735843090478059,-0.3677223951079151,0.19118692683748872,1
-1.0351433898472053,-0.4106511717923188,0.058604082342752654,-15.026765115111521,-62.95981029518618,96.68934628065281,-1.0830145984222372,-0.37316309002926995,0.21783996457289692,1
-1.0388666958292145,-0.4112461763318268,0.07544034976767647,-13.1310603896044,-64.0335812958259,98.72638956915878,-1.0926659182916756,-0.3766354268712057,0.24027995962962123,1
-1.0277963971691881,-0.4113349267065628,0.08469441003350084,-10.892398461040296,-64.14940979959928,101.29618653950114,-1.0879868053137296,-0.37849570051182857,0.25049896355731777,1
-1.0018395469339616,-0.40729679861023355,0.08339468775774525,-8.583917659503124,-63.12969210176554,104.00807006454579,-1.0649223488309703,-0.37546113266640285,0.24611815538221252,1
-0.9677948695334807,-0.393514467641877,0.07301016313152943,-6.579609326704238,-60.833257252014704,106.38363659735512,-1.0301617419840756,-0.36380288427259083,0.23363173423240488,1
-0.9297404668082135,-0.37112268932336634,0.060289992526514194,-5.287270829526836,-57.36052686963544,108.22395417940179,-0.9916991599704262,-0.3444127086060088,0.2233890899398398,1
-0.8879006732937592,-0.34792110303301726,0.05280943105254186,-4.855292728775381,-53.21410276020387,109.63033316453165,-0.9522339371771007,-0.3235882750129852,0.22097091044547643,1
-0.8452747226669026,-0.3291375737711783,0.053181417907939066,-4.991529233629105,-49.14018384588859,110.71730306797299,-0.91239653418347,-0.3066669020098876,0.22394480721464366,1
-0.8095726256251637,-0.31239062075670465,0.05798650563788754,-5.2436265393531265,-45.71771824758114,111.48795562125426,-0.8763105366251261,-0.29225332622525063,0.22653380754929803,1
-0.7857807347217012,-0.29405847408189306,0.062430419180463194,-5.452127982466995,-43.09276354032971,112.05840798883989,-0.8493242712408041,-0.27597834441022334,0.2265573418980635,1
-0.7697844715846323,-0.276922262200585,0.06561683100234979,-5.761628666643074,-41.08739163887825,112.79155935728132,-0.8309065686624889,-0.2589206998160903,0.22751660677921748,1
-0.7531719113629192,-0.2671027803222521,0.07088467350277768,-6.178665147398338,-39.4658342024761,113.96059593765379,-0.8144360403251077,-0.24763878085281288,0.23398180424910844,1
-0.7344735024334809,-0.26506999497919614,0.08153730480826027,-6.373352736046639,-38.040981646906594,115.31659280353838,-0.7962587781688185,-0.24495953461491773,0.24605466309472945,1
-0.7234894337028842,-0.26406266076392343,0.09757077408205739,-6.112851822669667,-36.66034385492009,116.21515291693197,-0.7829073541029908,-0.24480455891566455,0.2602359049903233,1
-0.7333746692363452,-0.2570514798548902,0.11650612604495718,-5.731729857561413,-35.349003102286474,116.26812014540918,-0.7869076972138079,-0.23814820155572416,0.2749419429651189,1
-0.7689427834471606,-0.24199898800141711,0.13441591933756764,-5.829201702601073,-34.60410652977134,115.78645897866201,-0.8152846072366947,-0.2214341798404647,0.2906747171249316,1
-0.822469230236755,-0.22044145870354692,0.14344981137147814,-6.371038233151391,-35.40927709999122,115.50683540315681,-0.862962849624416,-0.19709225757490922,0.3023648859369451,1
-0.878702046527312,-0.19301061382963497,0.13211602216813598,-6.321880714022091,-38.597338083034494,115.89979097893287,-0.9168896156612183,-0.16747763576519478,0.2968425587947686,1
-0.9237036947288145,-0.15651931629702115,0.09738606644297991,-4.58759416051713,-43.828999204250614,116.74289843039936,-0.9652020349154802,-0.13092531944507815,0.2669218175070174,1
-0.9535408162233471,-0.10681120202161373,0.059867924559650836,-1.591658530527336,-49.173093843462894,117.26015035120682,-1.0033622977477117,-0.08492810577747875,0.2298905989113493,1
-0.9790107728067899,-0.04800152077284645,0.05644268104021888,0.3250369109678305,-52.21258163468118,116.5251945291459,-1.0358782806086826,-0.03315454657582706,0.2224785145534705,1
-1.0211301570149693,0.002722476964907141,0.10455996415214866,-1.2624758249091126,-52.1642789712139,113.64358073414155,-1.0760198899872686,0.0123031625836833,0.2663909392338523,1
-1.0985253925658396,0.02714020061240306,0.1747687589582403,-6.275578506794357,-50.80176186900467,107.61586367316055,-1.1424245356256677,0.03877655197534563,0.3386063461299995,1
-1.2157391339926191,0.02554274815421671,0.21059274699500358,-11.781288584262148,-50.57871077692709,97.38543716325348,-1.2490109182905396,0.04452735387078411,0.3845726601826658,1
-1.3579209057084525,0.017391262286408395,0.18104615735429677,-14.736872465140967,-51.56508866185028,82.65132804979666,-1.3901575962662445,0.0398520015296503,0.36657585833881856,1
-1.490995606575963,0.016678495298472457,0.10950365528625242,-14.879848178868732,-50.78238812568244,65.09114029837676,-1.5320801027730586,0.03373986588445694,0.2982589829276648,1
-1.5694042816409215,0.01154015060206943,0.04999177297371932,-14.376632901979917,-45.083907338731045,48.5785461713111,-1.6222675923659051,0.02124097218392412,0.23112121325351798,1
-1.554486353266282,-0.02246698363254998,0.04054092061619471,-14.820273884809033,-34.54110926306444,37.482017302198,-1.61590524319447,-0.010948252063831881,0.20999710149223128,1
-1.4352522398942715,-0.0884133006503719,0.07980290905204093,-15.406834436615732,-22.69588764641935,34.112562155934,-1.5013741575825608,-0.06494918278867325,0.2414817477337154,1
-1.235521852757487,-0.15522426385179489,0.13907287647709204,-14.31079180562691,-13.66355328668898,37.465043812939015,-1.305301011719322,-0.12097457537320536,0.29866364868928724,1
-1.0016982100246339,-0.182290519023745,0.18827721370818964,-11.120564057900342,-9.263748358598766,44.14083865775016,-1.0756420960376771,-0.14849058283700037,0.3485173323208818,1
-0.7819059288415963,-0.1524832362000515,0.21245667420096226,-7.314607025093823,-8.638048822612557,50.3667051577469,-0.8593060144687273,-0.12830196613668535,0.3734640622920276,1
-0.6109055024105638,-0.07980779768602034,0.21141787226774433,-4.696495036348965,-9.846308481059717,53.549646534703754,-0.6894984694211734,-0.06549999927764459,0.37318749428013165,1
-0.5048397503717472,0.008367861021333235,0.1903879406961051,-3.976913655509213,-11.41751730215593,52.77537391095328,-0.5827178374994605,0.016312487132297968,0.354826753416789,1
-0.46010619313927686,0.09215487162113598,0.15430838982566308,-4.765503661290313,-12.774640887448568,48.57089306667055,-0.5369089904129238,0.09391699386274692,0.3255051219707814,1
-0.4531927495968678,0.16789233276090837,0.1094047303637396,-6.294105598263211,-13.915067404566761,42.415349079646134,-0.529341689992774,0.1610823234770168,0.2910634460282348,1
